date,areaName,areaCode,newCasesByPublishDate,cumCasesByPublishDate,newDeaths28DaysByDeathDate,cumDeaths28DaysByDeathDate,newAntibodyTestsByPublishDate,newLFDTestsBySpecimenDate,newPCRTestsByPublishDate,newPCRTestsByPublishDateRollingSum,hospitalCases,newAdmissions,newPeopleVaccinatedCompleteByVaccinationDate,newVaccinesGivenByPublishDate,VaccineRegisterPopulationByVaccinationDate
10/03/2022,Northern Ireland,N92000002,2602,646794,,,,,,,,,,,
09/03/2022,Northern Ireland,N92000002,2683,644192,2,3244,,0,20295,118210,483,21,,1317,
08/03/2022,Northern Ireland,N92000002,2669,641509,4,3242,,0,19739,117337,506,37,,1037,
07/03/2022,Northern Ireland,N92000002,5769,638840,4,3238,,0,19464,115735,518,29,,1078,
06/03/2022,Northern Ireland,N92000002,0,633071,2,3234,,0,13711,117006,544,25,,903,
05/03/2022,Northern Ireland,N92000002,0,633071,3,3232,,0,11190,117253,538,31,,1092,
04/03/2022,Northern Ireland,N92000002,2236,633071,2,3229,,0,15035,118248,542,51,,2769,
03/03/2022,Northern Ireland,N92000002,2408,630835,3,3227,,0,18776,118187,556,47,,0,
02/03/2022,Northern Ireland,N92000002,2407,628427,6,3224,,0,19422,117707,565,43,,1673,
01/03/2022,Northern Ireland,N92000002,2567,626020,3,3218,,0,18137,119619,566,43,,1273,
28/02/2022,Northern Ireland,N92000002,5168,623453,3,3215,,0,20735,121260,573,35,,1268,
27/02/2022,Northern Ireland,N92000002,0,618285,5,3212,,0,13958,122727,603,24,,1325,
26/02/2022,Northern Ireland,N92000002,0,618285,0,3207,,0,12185,124783,604,38,,1347,
25/02/2022,Northern Ireland,N92000002,2068,618285,8,3207,,0,14974,126074,594,36,,1792,
24/02/2022,Northern Ireland,N92000002,2486,616217,1,3199,,0,18296,127097,631,33,,1577,
23/02/2022,Northern Ireland,N92000002,2294,613731,3,3198,,0,21334,128420,652,54,,1785,
22/02/2022,Northern Ireland,N92000002,2951,611437,4,3195,,0,19778,130474,656,27,,1628,
21/02/2022,Northern Ireland,N92000002,2235,608485,3,3191,,0,22202,132731,689,42,,1060,
20/02/2022,Northern Ireland,N92000002,1865,606250,5,3188,,0,16014,134001,693,42,,1156,
19/02/2022,Northern Ireland,N92000002,2147,604385,5,3183,,0,13476,135495,666,43,,1567,
18/02/2022,Northern Ireland,N92000002,2469,602238,7,3178,,0,15997,140480,653,35,,2002,
17/02/2022,Northern Ireland,N92000002,3027,599769,2,3171,,0,19619,147162,669,42,,2263,
16/02/2022,Northern Ireland,N92000002,2889,596742,4,3169,,0,23388,152351,671,43,,2619,
15/02/2022,Northern Ireland,N92000002,2987,593853,3,3165,,0,22035,158890,671,49,,2081,
14/02/2022,Northern Ireland,N92000002,2465,590866,4,3162,,0,23472,166084,665,36,,2271,
13/02/2022,Northern Ireland,N92000002,2158,588401,2,3158,,0,17508,171802,671,28,,1404,
12/02/2022,Northern Ireland,N92000002,2633,586243,3,3156,,0,18461,176743,656,41,,1450,
11/02/2022,Northern Ireland,N92000002,2923,583610,4,3153,,0,22679,180022,631,41,,2311,
10/02/2022,Northern Ireland,N92000002,3609,580687,2,3149,,0,24808,183827,643,44,,3330,
09/02/2022,Northern Ireland,N92000002,3837,577078,5,3147,,0,29927,190276,642,51,,1389,
08/02/2022,Northern Ireland,N92000002,3959,573241,5,3142,,0,29229,192883,642,47,,2195,
07/02/2022,Northern Ireland,N92000002,3105,569282,5,3137,,0,29190,200063,649,51,,2367,
06/02/2022,Northern Ireland,N92000002,2694,566177,2,3132,,0,22449,170873,646,35,,1935,
05/02/2022,Northern Ireland,N92000002,3201,563483,3,3130,,0,21740,177499,625,41,,2083,
04/02/2022,Northern Ireland,N92000002,3833,560282,1,3127,,0,26484,180546,604,48,,2219,
03/02/2022,Northern Ireland,N92000002,4203,556449,2,3126,,0,31257,183697,610,43,,2691,
02/02/2022,Northern Ireland,N92000002,4769,552246,3,3124,,0,32534,183186,611,58,,2312,
01/02/2022,Northern Ireland,N92000002,4622,547477,6,3121,,0,36409,187890,587,48,,2182,
31/01/2022,Northern Ireland,N92000002,4159,542855,4,3115,,0,0,184295,581,33,,1597,
30/01/2022,Northern Ireland,N92000002,3069,534119,3,3111,,0,29075,221558,577,33,,1416,
29/01/2022,Northern Ireland,N92000002,3590,531050,3,3108,,0,24787,222487,560,26,,2494,
28/01/2022,Northern Ireland,N92000002,3737,527460,5,3105,,0,29635,228711,561,34,,2711,
27/01/2022,Northern Ireland,N92000002,4243,523722,11,3100,,0,30746,231487,587,35,,3451,
26/01/2022,Northern Ireland,N92000002,4383,519479,3,3089,,0,37238,234004,591,43,,3203,
25/01/2022,Northern Ireland,N92000002,5023,515096,7,3086,,0,32814,233269,593,52,,2778,
24/01/2022,Northern Ireland,N92000002,3932,510073,5,3079,,0,37263,236417,585,28,,2263,
23/01/2022,Northern Ireland,N92000002,3059,506141,2,3074,,0,30004,233959,594,26,,1963,
22/01/2022,Northern Ireland,N92000002,3476,503082,7,3072,,0,31011,233992,586,33,,2148,
21/01/2022,Northern Ireland,N92000002,3568,499606,4,3065,,0,32411,234291,576,42,,4407,
20/01/2022,Northern Ireland,N92000002,3879,496038,4,3061,,0,33263,233312,586,37,,4834,
19/01/2022,Northern Ireland,N92000002,4451,492159,4,3057,,0,36503,235431,599,37,,5028,
18/01/2022,Northern Ireland,N92000002,4081,487708,6,3053,,0,35962,232796,601,40,,4955,
17/01/2022,Northern Ireland,N92000002,3295,483627,3,3047,,0,34805,225937,608,36,,5171,
16/01/2022,Northern Ireland,N92000002,2518,480332,6,3044,,0,30037,224849,614,25,,2187,
15/01/2022,Northern Ireland,N92000002,2668,477814,2,3038,,0,31310,225578,605,35,,3497,
14/01/2022,Northern Ireland,N92000002,2954,475146,2,3036,,0,31432,237113,594,38,,6159,
13/01/2022,Northern Ireland,N92000002,2980,472192,8,3034,,0,35382,242221,611,40,,6999,
12/01/2022,Northern Ireland,N92000002,2922,469212,11,3026,,0,33868,252496,629,47,,9296,
11/01/2022,Northern Ireland,N92000002,3420,466290,0,3015,,0,29103,263459,634,42,,7578,
10/01/2022,Northern Ireland,N92000002,2706,462870,0,3015,,0,33717,279884,640,49,,7578,
09/01/2022,Northern Ireland,N92000002,3760,460164,7,3015,,0,30766,418908,644,38,,8446,
08/01/2022,Northern Ireland,N92000002,3458,456404,2,3008,,0,42845,388142,629,38,,0,
07/01/2022,Northern Ireland,N92000002,6444,452946,3,3006,,0,36540,345297,619,40,,8937,
06/01/2022,Northern Ireland,N92000002,6877,446502,2,3003,,0,45657,308757,627,56,,10031,
05/01/2022,Northern Ireland,N92000002,7133,439625,3,3001,,0,44831,306509,615,51,,11967,
04/01/2022,Northern Ireland,N92000002,30423,432492,5,2998,,0,45528,297995,604,43,,8139,
03/01/2022,Northern Ireland,N92000002,0,402069,3,2993,,0,172741,439585,609,49,,5515,
02/01/2022,Northern Ireland,N92000002,0,402069,4,2990,,0,0,266844,583,36,,3858,
01/01/2022,Northern Ireland,N92000002,0,402069,4,2986,,0,0,266844,568,43,,1118,
31/12/2021,Northern Ireland,N92000002,7215,402069,3,2982,,0,0,266844,542,59,,3290,
30/12/2021,Northern Ireland,N92000002,4701,394854,0,2979,,0,43409,266844,522,53,,12107,
29/12/2021,Northern Ireland,N92000002,22972,390153,4,2979,,0,36317,265053,505,41,,11957,
28/12/2021,Northern Ireland,N92000002,0,367181,4,2975,,0,187118,272009,492,38,,9058,
27/12/2021,Northern Ireland,N92000002,0,367181,3,2971,,0,0,125338,476,47,,6947,
26/12/2021,Northern Ireland,N92000002,0,367181,2,2968,,0,0,157463,441,32,,2924,
25/12/2021,Northern Ireland,N92000002,0,367181,4,2966,,0,0,190880,422,25,,3,
24/12/2021,Northern Ireland,N92000002,3286,367181,0,2962,,0,0,232103,412,35,,2785,
23/12/2021,Northern Ireland,N92000002,3227,363895,3,2962,,0,41618,278519,413,24,,15986,
22/12/2021,Northern Ireland,N92000002,3231,360668,1,2959,,0,43273,276001,421,31,,26427,
21/12/2021,Northern Ireland,N92000002,2096,357437,2,2958,,0,40447,272312,415,33,,32625,
20/12/2021,Northern Ireland,N92000002,2148,355341,4,2956,,0,32125,266407,412,19,,31252,
19/12/2021,Northern Ireland,N92000002,1798,353193,1,2952,,0,33417,259638,429,17,,15924,
18/12/2021,Northern Ireland,N92000002,2075,351395,2,2951,,0,41223,251064,420,21,,11261,
17/12/2021,Northern Ireland,N92000002,1887,349320,5,2949,,0,46416,238530,422,33,,18876,
16/12/2021,Northern Ireland,N92000002,2237,347433,3,2944,,0,39100,221294,433,33,,26432,
15/12/2021,Northern Ireland,N92000002,2156,345196,6,2941,,0,39584,214838,429,33,,29991,
14/12/2021,Northern Ireland,N92000002,1581,343040,5,2935,,0,34542,205290,425,26,,24325,
13/12/2021,Northern Ireland,N92000002,1431,341459,3,2930,,0,25356,199481,441,27,,25390,
12/12/2021,Northern Ireland,N92000002,1548,340028,3,2927,,0,24843,196259,441,28,,9677,
11/12/2021,Northern Ireland,N92000002,1446,338480,3,2924,,0,28689,193159,430,25,,7681,
10/12/2021,Northern Ireland,N92000002,1806,337034,2,2921,,0,29180,188453,418,21,,13146,
09/12/2021,Northern Ireland,N92000002,1819,335228,4,2919,,0,32644,189796,430,23,,15623,
08/12/2021,Northern Ireland,N92000002,1933,333409,3,2915,,0,30036,186369,448,27,,17065,
07/12/2021,Northern Ireland,N92000002,1658,331476,5,2912,,0,28733,189298,450,26,,15727,
06/12/2021,Northern Ireland,N92000002,1635,329818,5,2907,,0,22134,187341,454,27,,12199,
05/12/2021,Northern Ireland,N92000002,1422,328183,2,2902,,0,21743,185455,450,28,,27215,
04/12/2021,Northern Ireland,N92000002,1642,326761,7,2900,,0,23983,181739,432,26,,0,
03/12/2021,Northern Ireland,N92000002,1908,325119,6,2893,,0,30523,173893,429,28,,8626,
02/12/2021,Northern Ireland,N92000002,2272,323211,4,2887,,0,29217,162798,432,41,,17762,
01/12/2021,Northern Ireland,N92000002,1992,320939,2,2883,,0,32965,161860,424,23,,19151,
30/11/2021,Northern Ireland,N92000002,1585,318947,2,2881,,0,26776,153064,434,35,,18192,
29/11/2021,Northern Ireland,N92000002,1464,317362,2,2879,,0,20248,150198,435,27,,18626,
28/11/2021,Northern Ireland,N92000002,1405,315898,5,2877,,0,18027,148134,448,31,,25833,
27/11/2021,Northern Ireland,N92000002,1482,314493,3,2872,,0,16137,146802,434,17,,0,
26/11/2021,Northern Ireland,N92000002,2004,313011,3,2869,,0,19428,145633,441,20,,0,
25/11/2021,Northern Ireland,N92000002,1549,311007,9,2866,,0,28279,146194,454,16,,15725,
24/11/2021,Northern Ireland,N92000002,1931,309458,4,2857,,0,24169,141715,480,29,,18181,
23/11/2021,Northern Ireland,N92000002,1476,307527,7,2853,,0,23910,140103,485,31,,19243,
22/11/2021,Northern Ireland,N92000002,1469,306051,4,2846,,0,18184,138439,489,31,,17006,
21/11/2021,Northern Ireland,N92000002,1406,304582,3,2842,,0,16695,140104,497,19,,8200,
20/11/2021,Northern Ireland,N92000002,1846,303176,9,2839,,0,14968,139839,487,33,,5454,
19/11/2021,Northern Ireland,N92000002,1690,301330,2,2830,,0,19989,137472,485,28,,11521,
18/11/2021,Northern Ireland,N92000002,1681,299640,9,2828,,0,23800,136610,499,29,,19204,
17/11/2021,Northern Ireland,N92000002,1848,297959,5,2819,,0,22557,131397,512,37,,22077,
16/11/2021,Northern Ireland,N92000002,1698,296111,12,2814,,0,22246,128420,520,32,,18067,
15/11/2021,Northern Ireland,N92000002,1457,294413,6,2802,,0,19849,127884,534,26,,16663,
14/11/2021,Northern Ireland,N92000002,1377,292956,3,2796,,0,16430,124936,554,23,,6751,
13/11/2021,Northern Ireland,N92000002,1806,291579,4,2793,,0,12601,121520,543,34,,6136,
12/11/2021,Northern Ireland,N92000002,1087,289773,4,2789,,0,19127,119544,527,34,,11189,
11/11/2021,Northern Ireland,N92000002,1462,288686,5,2785,,0,18587,115459,523,28,,16916,
10/11/2021,Northern Ireland,N92000002,1765,287224,6,2780,,0,19580,114529,538,37,,17841,
09/11/2021,Northern Ireland,N92000002,1228,285459,8,2774,,0,21710,118575,535,47,,14938,
08/11/2021,Northern Ireland,N92000002,1028,284231,7,2766,,0,16901,112482,532,35,,12748,
07/11/2021,Northern Ireland,N92000002,1035,283203,7,2759,,0,13014,111449,539,21,,5891,
06/11/2021,Northern Ireland,N92000002,1194,282168,6,2752,,0,10625,110953,532,29,,6721,
05/11/2021,Northern Ireland,N92000002,1164,280974,4,2746,,0,15042,112265,534,41,,7912,
04/11/2021,Northern Ireland,N92000002,1481,279810,6,2742,,0,17657,114058,532,36,,13020,
03/11/2021,Northern Ireland,N92000002,995,278329,12,2736,,0,23626,115810,526,37,,12069,
02/11/2021,Northern Ireland,N92000002,1114,277334,8,2724,,0,15617,110434,536,41,,10283,
01/11/2021,Northern Ireland,N92000002,948,276220,4,2716,,0,15868,111661,542,35,,8974,
31/10/2021,Northern Ireland,N92000002,1001,275272,6,2712,,0,12518,108609,547,25,,3864,
30/10/2021,Northern Ireland,N92000002,1207,274271,8,2706,,0,11937,107752,539,38,,3433,
29/10/2021,Northern Ireland,N92000002,1321,273064,10,2698,,0,16835,108761,518,38,,5407,
28/10/2021,Northern Ireland,N92000002,1122,271743,6,2688,,0,19409,111348,513,44,,7545,
27/10/2021,Northern Ireland,N92000002,1291,270621,7,2682,,0,18250,111958,507,39,,9203,
26/10/2021,Northern Ireland,N92000002,1124,269330,4,2675,,0,16844,109988,508,41,,8206,
25/10/2021,Northern Ireland,N92000002,1019,268206,5,2671,,0,12816,110348,512,41,,7295,
24/10/2021,Northern Ireland,N92000002,1061,267187,3,2666,,0,11661,116363,503,32,,3760,
23/10/2021,Northern Ireland,N92000002,1323,266126,6,2663,,0,12946,119182,482,33,,3582,
22/10/2021,Northern Ireland,N92000002,1355,264803,11,2657,,0,19422,116598,476,26,,5117,
21/10/2021,Northern Ireland,N92000002,1051,263448,7,2646,,0,20019,113531,495,39,,6691,
20/10/2021,Northern Ireland,N92000002,1423,262397,3,2639,,0,16280,116388,495,42,,5694,
19/10/2021,Northern Ireland,N92000002,1367,260974,5,2636,,0,17204,121213,488,47,,15001,
18/10/2021,Northern Ireland,N92000002,1091,259607,9,2631,,0,18831,124035,489,42,,3550,
17/10/2021,Northern Ireland,N92000002,966,258516,2,2622,,0,14480,121932,478,40,,1753,
16/10/2021,Northern Ireland,N92000002,1218,257550,6,2620,,0,10362,122050,456,22,,1439,
15/10/2021,Northern Ireland,N92000002,1349,256332,4,2614,,0,16355,124233,457,32,,2316,
14/10/2021,Northern Ireland,N92000002,1304,254983,5,2610,,0,22876,125245,456,33,,5525,
13/10/2021,Northern Ireland,N92000002,1471,253679,5,2605,,0,21105,122747,458,41,,2842,
12/10/2021,Northern Ireland,N92000002,1278,252208,3,2600,,0,20026,124063,458,45,,4793,
11/10/2021,Northern Ireland,N92000002,1109,250930,5,2597,,0,16728,123534,457,37,,3912,
10/10/2021,Northern Ireland,N92000002,1115,249821,2,2592,,0,14598,125482,449,20,,2267,
09/10/2021,Northern Ireland,N92000002,1274,248706,5,2590,,0,12545,126627,442,34,,1730,
08/10/2021,Northern Ireland,N92000002,1276,247432,4,2585,,0,17367,124883,429,24,,2575,
07/10/2021,Northern Ireland,N92000002,1305,246156,3,2581,,0,20378,124952,440,34,,3216,
06/10/2021,Northern Ireland,N92000002,1339,244851,2,2578,,0,22421,124961,435,35,,2845,
05/10/2021,Northern Ireland,N92000002,1209,243512,3,2576,,0,19497,125282,434,35,,3504,
04/10/2021,Northern Ireland,N92000002,1080,242303,3,2573,,0,18676,127214,431,30,,3262,
03/10/2021,Northern Ireland,N92000002,892,241223,1,2570,,0,15743,125356,428,27,,2683,
02/10/2021,Northern Ireland,N92000002,992,240331,4,2569,,0,10801,125033,416,25,,1716,
01/10/2021,Northern Ireland,N92000002,1039,239339,2,2565,,0,17436,134322,413,34,,1945,
30/09/2021,Northern Ireland,N92000002,1163,238300,5,2563,,0,20387,142487,424,31,,1641,
29/09/2021,Northern Ireland,N92000002,1320,237137,3,2558,,0,22742,142751,428,33,,1648,
28/09/2021,Northern Ireland,N92000002,1078,235817,3,2555,,0,21429,145623,429,24,,1426,
27/09/2021,Northern Ireland,N92000002,903,234739,4,2552,,0,16818,143683,438,33,,1868,
26/09/2021,Northern Ireland,N92000002,1020,233836,4,2548,,0,15420,147484,439,26,,1125,
25/09/2021,Northern Ireland,N92000002,1120,232816,5,2544,,0,20090,151348,429,32,,1106,
24/09/2021,Northern Ireland,N92000002,1030,231696,6,2539,,0,25601,145129,421,31,,1145,
23/09/2021,Northern Ireland,N92000002,1165,230666,8,2533,,0,20651,142925,438,30,,1418,
22/09/2021,Northern Ireland,N92000002,1060,229501,9,2525,,0,25614,150252,459,37,,1550,
21/09/2021,Northern Ireland,N92000002,1145,228441,4,2516,,0,19489,148458,474,42,,1150,
20/09/2021,Northern Ireland,N92000002,1020,227296,4,2512,,0,20619,151777,470,32,,1353,
19/09/2021,Northern Ireland,N92000002,889,226276,5,2508,,0,19284,155554,479,24,,1025,
18/09/2021,Northern Ireland,N92000002,1072,225387,4,2503,,0,13871,158726,470,32,,604,
17/09/2021,Northern Ireland,N92000002,1239,224315,10,2499,,0,23397,170948,467,34,,1206,
16/09/2021,Northern Ireland,N92000002,1071,223076,7,2489,,0,27978,181710,484,35,,2561,
15/09/2021,Northern Ireland,N92000002,1304,222005,3,2482,,0,23820,188341,501,44,,2255,
14/09/2021,Northern Ireland,N92000002,1590,220701,10,2479,,0,22808,198347,495,39,,2518,
13/09/2021,Northern Ireland,N92000002,1199,219111,10,2469,,0,24396,200253,513,42,,2579,
12/09/2021,Northern Ireland,N92000002,1031,217912,8,2459,,0,22456,200358,509,32,,1785,
11/09/2021,Northern Ireland,N92000002,1424,216881,6,2451,,0,26093,201845,505,32,,2624,
10/09/2021,Northern Ireland,N92000002,1687,215457,1,2445,,0,34159,194121,497,27,,4875,
09/09/2021,Northern Ireland,N92000002,1831,213770,6,2444,,0,34609,188843,525,39,,4715,
08/09/2021,Northern Ireland,N92000002,1210,211939,10,2438,,0,33826,172004,531,56,,4687,
07/09/2021,Northern Ireland,N92000002,1748,210729,5,2428,,0,24714,154471,535,57,,5041,
06/09/2021,Northern Ireland,N92000002,1764,208981,4,2423,,0,24501,150206,529,49,,4190,
05/09/2021,Northern Ireland,N92000002,1232,207217,13,2419,,0,23943,139872,522,36,,3825,
04/09/2021,Northern Ireland,N92000002,1812,205985,7,2406,,0,18369,130450,510,36,,2597,
03/09/2021,Northern Ireland,N92000002,1248,204173,6,2399,,0,28881,124545,498,50,,3287,
02/09/2021,Northern Ireland,N92000002,793,202925,8,2393,,0,17770,114822,496,43,,3301,
01/09/2021,Northern Ireland,N92000002,1472,202132,13,2385,,0,16293,122683,510,53,,3368,
31/08/2021,Northern Ireland,N92000002,1313,200660,7,2372,,0,20449,126178,504,49,,3711,
30/08/2021,Northern Ireland,N92000002,1259,199347,7,2365,,0,14167,123691,506,43,,3021,
29/08/2021,Northern Ireland,N92000002,1225,198088,8,2358,,0,14521,125986,491,41,,2096,
28/08/2021,Northern Ireland,N92000002,1430,196863,10,2350,,0,12464,123073,482,36,,2339,
27/08/2021,Northern Ireland,N92000002,1875,195433,5,2340,,0,19158,121603,482,51,,3769,
26/08/2021,Northern Ireland,N92000002,1550,193558,5,2335,,0,25631,116777,479,49,,5975,
25/08/2021,Northern Ireland,N92000002,1771,192008,4,2330,,0,19788,114269,463,50,,6482,
24/08/2021,Northern Ireland,N92000002,1648,190237,5,2326,,0,17962,114646,476,53,,4387,
23/08/2021,Northern Ireland,N92000002,1320,188589,8,2321,,0,16462,111591,464,42,,3618,
22/08/2021,Northern Ireland,N92000002,1485,187269,10,2313,,0,11608,111122,472,40,,5968,
21/08/2021,Northern Ireland,N92000002,1612,185784,12,2303,,0,10994,113071,455,41,,6925,
20/08/2021,Northern Ireland,N92000002,2397,184172,5,2291,,0,14332,117167,446,46,,5754,
19/08/2021,Northern Ireland,N92000002,1963,181775,7,2286,,0,23123,120081,461,42,,5817,
18/08/2021,Northern Ireland,N92000002,1345,179812,11,2279,,0,20165,113852,470,38,,5329,
17/08/2021,Northern Ireland,N92000002,1564,178467,7,2268,,0,14907,116302,484,55,,7714,
16/08/2021,Northern Ireland,N92000002,1306,176903,4,2261,,0,15993,119384,477,53,,5313,
15/08/2021,Northern Ireland,N92000002,1294,175597,2,2257,,0,13557,118513,464,41,,5109,
14/08/2021,Northern Ireland,N92000002,1437,174303,4,2255,,0,15090,116226,446,42,,3899,
13/08/2021,Northern Ireland,N92000002,1389,172866,6,2251,,0,17246,112370,430,37,,5761,
12/08/2021,Northern Ireland,N92000002,1610,171477,6,2245,,0,16894,111939,448,50,,6883,
11/08/2021,Northern Ireland,N92000002,1467,169867,5,2239,,0,22615,112305,441,47,,6356,
10/08/2021,Northern Ireland,N92000002,1305,168400,3,2234,,0,17989,112202,433,51,,7563,
09/08/2021,Northern Ireland,N92000002,1031,167095,3,2231,,0,15122,106821,424,44,,13139,
08/08/2021,Northern Ireland,N92000002,1129,166064,8,2228,,0,11270,105679,424,38,,5946,
07/08/2021,Northern Ireland,N92000002,1349,164935,3,2220,,0,11234,103498,401,40,,5782,
06/08/2021,Northern Ireland,N92000002,1434,163586,5,2217,,0,16815,102778,378,52,,12914,
05/08/2021,Northern Ireland,N92000002,1641,162152,4,2212,,0,17260,100779,354,46,,5854,
04/08/2021,Northern Ireland,N92000002,1040,160511,3,2208,,0,22512,98770,336,39,,7623,
03/08/2021,Northern Ireland,N92000002,1082,159471,1,2205,,0,12608,96906,340,25,,7832,
02/08/2021,Northern Ireland,N92000002,872,158389,3,2204,,0,13980,101818,344,39,,8724,
01/08/2021,Northern Ireland,N92000002,1072,157517,7,2201,,0,9089,101925,327,36,,5343,
31/07/2021,Northern Ireland,N92000002,1177,156445,5,2194,,0,10514,105697,317,34,,7122,
30/07/2021,Northern Ireland,N92000002,1101,155268,5,2189,,0,14816,107167,310,37,,6921,
29/07/2021,Northern Ireland,N92000002,1471,154167,6,2184,,0,15251,105011,306,26,,8946,
28/07/2021,Northern Ireland,N92000002,1600,152696,3,2178,,0,20648,102756,311,31,,15544,
27/07/2021,Northern Ireland,N92000002,1473,151096,2,2175,,0,17520,98093,325,33,,8725,
26/07/2021,Northern Ireland,N92000002,639,149623,0,2173,,0,14087,96257,332,44,,6917,
25/07/2021,Northern Ireland,N92000002,1264,148984,1,2173,,0,12861,94822,318,40,,4289,
24/07/2021,Northern Ireland,N92000002,1520,147720,2,2172,,0,11984,97342,294,28,,3598,
23/07/2021,Northern Ireland,N92000002,1337,146200,2,2170,,0,12660,93456,283,54,,4764,
22/07/2021,Northern Ireland,N92000002,1430,144863,2,2168,,0,12996,94794,267,48,,3108,
21/07/2021,Northern Ireland,N92000002,1973,143433,1,2166,,0,15985,99043,234,42,,8545,
20/07/2021,Northern Ireland,N92000002,1138,141460,1,2165,,0,15684,95960,219,40,,8499,
19/07/2021,Northern Ireland,N92000002,1776,140322,1,2164,,0,12652,88051,204,33,,7232,
18/07/2021,Northern Ireland,N92000002,537,138546,1,2163,,0,15381,84361,200,25,,-12187,
17/07/2021,Northern Ireland,N92000002,1402,138009,0,2162,,0,8098,75574,182,21,,5572,
16/07/2021,Northern Ireland,N92000002,1380,136607,3,2162,,0,13998,76533,169,21,,21651,
15/07/2021,Northern Ireland,N92000002,1083,135227,0,2159,,0,17245,75020,168,29,,7596,
14/07/2021,Northern Ireland,N92000002,636,134144,0,2159,,0,12902,69548,153,30,,8208,
13/07/2021,Northern Ireland,N92000002,511,133508,0,2159,,0,7775,69346,132,17,,7518,
12/07/2021,Northern Ireland,N92000002,528,132997,0,2159,,0,8962,71693,126,18,,2370,
11/07/2021,Northern Ireland,N92000002,605,132469,1,2159,,0,6594,74938,113,14,,4741,
10/07/2021,Northern Ireland,N92000002,445,131864,1,2158,,0,9057,76619,107,18,,7227,
09/07/2021,Northern Ireland,N92000002,605,131419,1,2157,,0,12485,78909,97,10,,7872,
08/07/2021,Northern Ireland,N92000002,627,130814,0,2156,,0,11773,78841,99,15,,8689,
07/07/2021,Northern Ireland,N92000002,570,130187,0,2156,,0,12700,78105,95,12,,9788,
06/07/2021,Northern Ireland,N92000002,417,129617,0,2156,,0,10122,77367,86,8,,9628,
05/07/2021,Northern Ireland,N92000002,420,129200,0,2156,,0,12207,77163,80,12,,9184,
04/07/2021,Northern Ireland,N92000002,533,128780,0,2156,,0,8275,75918,77,6,,8586,
03/07/2021,Northern Ireland,N92000002,460,128247,0,2156,,0,11347,75146,72,5,,7568,
02/07/2021,Northern Ireland,N92000002,339,127787,0,2156,,0,12417,71397,70,13,,8279,
01/07/2021,Northern Ireland,N92000002,326,127448,1,2156,,0,11037,70621,60,7,,8083,
30/06/2021,Northern Ireland,N92000002,375,127122,0,2155,,0,11962,72535,55,10,,10334,
29/06/2021,Northern Ireland,N92000002,278,126747,0,2155,,0,9918,75731,49,10,,9533,
28/06/2021,Northern Ireland,N92000002,211,126469,0,2155,,0,10962,76770,44,6,,8163,
27/06/2021,Northern Ireland,N92000002,261,126258,0,2155,,0,7503,75909,40,5,,6911,
26/06/2021,Northern Ireland,N92000002,298,125997,0,2155,,0,7598,76096,35,6,,6163,
25/06/2021,Northern Ireland,N92000002,229,125699,0,2155,,0,11641,74358,31,4,,8070,
24/06/2021,Northern Ireland,N92000002,198,125470,0,2155,,0,12951,72302,31,3,,8176,
23/06/2021,Northern Ireland,N92000002,188,125272,0,2155,,0,15158,71934,32,4,,9647,
22/06/2021,Northern Ireland,N92000002,187,125084,0,2155,,0,10957,71504,29,5,,10660,
21/06/2021,Northern Ireland,N92000002,133,124897,0,2155,,0,10101,73061,26,4,,9158,
20/06/2021,Northern Ireland,N92000002,125,124764,0,2155,,0,7690,72758,24,0,,10081,
19/06/2021,Northern Ireland,N92000002,158,124639,0,2155,,0,5860,71905,24,0,,8460,
18/06/2021,Northern Ireland,N92000002,178,124481,0,2155,,0,9585,70591,25,1,,10085,
17/06/2021,Northern Ireland,N92000002,179,124303,0,2155,,0,12583,69420,25,3,,11378,
16/06/2021,Northern Ireland,N92000002,143,124124,0,2155,,0,14728,68922,25,1,,11629,
15/06/2021,Northern Ireland,N92000002,115,123981,0,2155,,0,12514,70160,24,3,,21439,
14/06/2021,Northern Ireland,N92000002,87,123866,0,2155,,0,9798,70505,22,0,,14224,
13/06/2021,Northern Ireland,N92000002,70,123779,0,2155,,0,6837,70211,22,1,,0,
12/06/2021,Northern Ireland,N92000002,107,123709,0,2155,,0,4546,70905,24,0,,968,
11/06/2021,Northern Ireland,N92000002,121,123602,0,2155,,0,8414,70042,26,2,,13810,
10/06/2021,Northern Ireland,N92000002,109,123481,0,2155,,0,12085,69357,26,1,,11350,
09/06/2021,Northern Ireland,N92000002,105,123372,0,2155,,0,15966,66091,27,0,,11205,
08/06/2021,Northern Ireland,N92000002,81,123267,1,2155,,0,12859,64023,29,3,,12336,
07/06/2021,Northern Ireland,N92000002,54,123186,0,2154,,0,9504,63421,28,4,,13464,
06/06/2021,Northern Ireland,N92000002,69,123132,0,2154,,0,7531,62916,25,0,,10096,
05/06/2021,Northern Ireland,N92000002,95,123063,0,2154,,0,3683,60429,25,1,,8122,
04/06/2021,Northern Ireland,N92000002,73,122968,0,2154,,0,7729,61447,24,1,,11473,
03/06/2021,Northern Ireland,N92000002,80,122895,0,2154,,0,8819,62096,27,1,,12950,
02/06/2021,Northern Ireland,N92000002,84,122815,0,2154,,0,13898,64728,26,1,,21048,
01/06/2021,Northern Ireland,N92000002,54,122731,1,2154,,0,12257,64438,30,2,,17018,
31/05/2021,Northern Ireland,N92000002,39,122677,0,2153,,0,8999,64461,29,0,,10267,
30/05/2021,Northern Ireland,N92000002,63,122638,0,2153,,0,5044,64812,33,0,,7536,
29/05/2021,Northern Ireland,N92000002,68,122575,0,2153,,0,4701,68713,35,2,,6983,
28/05/2021,Northern Ireland,N92000002,75,122507,1,2153,,0,8378,69451,34,3,,8911,
27/05/2021,Northern Ireland,N92000002,84,122432,0,2152,,0,11451,68513,32,0,,12384,
26/05/2021,Northern Ireland,N92000002,66,122348,0,2152,,0,13608,70429,34,1,,13045,
25/05/2021,Northern Ireland,N92000002,75,122282,0,2152,,0,12280,70757,35,1,,13774,
24/05/2021,Northern Ireland,N92000002,53,122207,0,2152,,0,9350,71831,37,2,,13118,
23/05/2021,Northern Ireland,N92000002,77,122154,0,2152,,0,8945,72536,39,1,,9936,
22/05/2021,Northern Ireland,N92000002,82,122077,0,2152,,0,5439,71361,40,3,,7802,
21/05/2021,Northern Ireland,N92000002,84,121995,0,2152,,0,7440,77776,38,2,,11550,
20/05/2021,Northern Ireland,N92000002,90,121911,0,2152,,0,13367,70336,40,0,,12235,
19/05/2021,Northern Ireland,N92000002,107,121821,0,2152,,0,13936,68121,44,2,,13437,
18/05/2021,Northern Ireland,N92000002,104,121714,1,2152,,0,13354,74427,44,3,,11084,
17/05/2021,Northern Ireland,N92000002,82,121610,0,2151,,0,10055,70216,45,5,,11213,
16/05/2021,Northern Ireland,N92000002,109,121528,2,2151,,0,7770,69041,44,1,,8496,
15/05/2021,Northern Ireland,N92000002,0,121419,0,2149,,0,11854,70671,48,1,,7308,
14/05/2021,Northern Ireland,N92000002,96,121419,0,2149,,0,0,63178,49,4,,11003,
13/05/2021,Northern Ireland,N92000002,99,121323,1,2149,,0,11152,75259,51,1,,14265,
12/05/2021,Northern Ireland,N92000002,113,121224,0,2148,,0,20242,76275,56,3,,14737,
11/05/2021,Northern Ireland,N92000002,89,121111,1,2148,,0,9143,67255,60,3,,15898,
10/05/2021,Northern Ireland,N92000002,76,121022,0,2147,,0,8880,72619,65,2,,14990,
09/05/2021,Northern Ireland,N92000002,98,120946,0,2147,,0,9400,73036,68,5,,9710,
08/05/2021,Northern Ireland,N92000002,81,120848,0,2147,,0,4361,70933,64,3,,10142,
07/05/2021,Northern Ireland,N92000002,65,120767,0,2147,,0,12081,71418,63,3,,13466,
06/05/2021,Northern Ireland,N92000002,102,120702,1,2147,,0,12168,65363,70,1,,19991,
05/05/2021,Northern Ireland,N92000002,99,120600,0,2146,,0,11222,69263,76,5,,19739,
04/05/2021,Northern Ireland,N92000002,83,120501,0,2146,,0,14507,73486,79,3,,15506,
03/05/2021,Northern Ireland,N92000002,64,120418,0,2146,,0,9297,69849,80,6,,6686,
02/05/2021,Northern Ireland,N92000002,69,120354,0,2146,,0,7297,71071,75,0,,10237,
01/05/2021,Northern Ireland,N92000002,90,120285,1,2146,,0,4846,74724,78,5,,9998,
30/04/2021,Northern Ireland,N92000002,108,120195,0,2145,,0,6026,74996,76,7,,9797,
29/04/2021,Northern Ireland,N92000002,95,120087,1,2145,,0,16068,78583,73,3,,31972,
28/04/2021,Northern Ireland,N92000002,98,119992,0,2144,,0,15445,74781,79,4,,17766,
27/04/2021,Northern Ireland,N92000002,109,119894,1,2144,,0,10870,77090,79,9,,19430,
26/04/2021,Northern Ireland,N92000002,73,119785,1,2143,,0,10519,74594,77,4,,16217,
25/04/2021,Northern Ireland,N92000002,73,119712,0,2142,,0,10950,74098,79,5,,11547,
24/04/2021,Northern Ireland,N92000002,80,119639,1,2142,,0,5118,74116,75,6,,10664,
23/04/2021,Northern Ireland,N92000002,88,119559,0,2141,,0,9613,73898,75,9,,16114,
22/04/2021,Northern Ireland,N92000002,120,119471,2,2141,,0,12266,72824,74,4,,25490,
21/04/2021,Northern Ireland,N92000002,116,119351,3,2139,,0,17754,72832,76,10,,20816,
20/04/2021,Northern Ireland,N92000002,124,119235,0,2136,,0,8374,70915,70,4,,22027,
19/04/2021,Northern Ireland,N92000002,79,119111,1,2136,,0,10023,69887,74,5,,15489,
18/04/2021,Northern Ireland,N92000002,82,119032,0,2135,,0,10968,69449,79,2,,8677,
17/04/2021,Northern Ireland,N92000002,99,118950,1,2135,,0,4900,69529,80,3,,9911,
16/04/2021,Northern Ireland,N92000002,119,118851,1,2134,,0,8539,68708,81,6,,18166,
15/04/2021,Northern Ireland,N92000002,159,118732,1,2133,,0,12274,69382,78,4,,19012,
14/04/2021,Northern Ireland,N92000002,97,118573,2,2132,,0,15837,67136,80,5,,19387,
13/04/2021,Northern Ireland,N92000002,112,118476,1,2130,,0,7346,58035,86,6,,19813,
12/04/2021,Northern Ireland,N92000002,97,118364,0,2129,,0,9585,58564,89,3,,16453,
11/04/2021,Northern Ireland,N92000002,89,118267,1,2129,,0,11048,54837,97,2,,11270,
10/04/2021,Northern Ireland,N92000002,146,118178,1,2128,,0,4079,50239,99,9,,11477,
09/04/2021,Northern Ireland,N92000002,113,118032,2,2127,,0,9213,46160,96,2,,15346,
08/04/2021,Northern Ireland,N92000002,98,117919,1,2125,,0,10028,42250,109,4,,14637,
07/04/2021,Northern Ireland,N92000002,88,117821,2,2124,,0,6736,44379,116,6,,14399,
06/04/2021,Northern Ireland,N92000002,57,117733,1,2122,,0,7875,49689,116,5,,7915,
05/04/2021,Northern Ireland,N92000002,89,117676,2,2121,,0,5858,48852,116,2,,7118,
04/04/2021,Northern Ireland,N92000002,0,117587,1,2119,,0,6450,52082,122,5,,4159,
03/04/2021,Northern Ireland,N92000002,84,117587,1,2118,,0,0,51139,123,5,,7089,
02/04/2021,Northern Ireland,N92000002,107,117503,2,2117,,0,5303,54975,128,9,,14043,
01/04/2021,Northern Ireland,N92000002,107,117396,0,2115,,0,12157,55694,133,10,,16693,
31/03/2021,Northern Ireland,N92000002,123,117289,0,2115,,0,12046,56712,131,6,,14168,
30/03/2021,Northern Ireland,N92000002,151,117166,3,2115,,0,7038,56659,137,3,,14847,
29/03/2021,Northern Ireland,N92000002,65,117015,2,2112,,0,9088,55849,152,12,,17263,
28/03/2021,Northern Ireland,N92000002,116,116950,1,2110,,0,5507,54701,161,8,,5447,
27/03/2021,Northern Ireland,N92000002,138,116834,1,2109,,0,3836,52040,157,7,,10432,
26/03/2021,Northern Ireland,N92000002,181,116696,1,2108,,0,6022,51952,155,12,,14299,
25/03/2021,Northern Ireland,N92000002,183,116515,0,2107,,0,13175,52994,166,4,,17069,
24/03/2021,Northern Ireland,N92000002,139,116332,0,2107,,0,11993,46399,181,10,,17124,
23/03/2021,Northern Ireland,N92000002,174,116193,0,2107,,0,6228,44960,182,8,,14906,
22/03/2021,Northern Ireland,N92000002,87,116019,2,2107,,0,7940,47483,183,5,,0,
21/03/2021,Northern Ireland,N92000002,125,115932,3,2105,,0,2846,45994,197,7,,29957,
20/03/2021,Northern Ireland,N92000002,159,115807,0,2102,,0,3748,46199,196,7,,7968,
19/03/2021,Northern Ireland,N92000002,137,115648,1,2102,,0,7064,46163,197,18,,11996,
18/03/2021,Northern Ireland,N92000002,169,115511,2,2101,,0,6580,43805,203,9,,12898,
17/03/2021,Northern Ireland,N92000002,161,115342,1,2099,,0,10554,45060,209,12,,8645,
16/03/2021,Northern Ireland,N92000002,164,115181,0,2098,,0,8751,45256,203,13,,12483,
15/03/2021,Northern Ireland,N92000002,121,115017,2,2098,,0,6451,45417,209,9,,8167,
14/03/2021,Northern Ireland,N92000002,143,114896,0,2096,,0,3051,45984,217,6,,6495,
13/03/2021,Northern Ireland,N92000002,146,114753,0,2096,,0,3712,45813,219,13,,6088,
12/03/2021,Northern Ireland,N92000002,208,114607,1,2096,,0,4706,45469,214,17,,7485,
11/03/2021,Northern Ireland,N92000002,223,114399,4,2095,,0,7835,48347,220,19,,8386,
10/03/2021,Northern Ireland,N92000002,147,114176,7,2091,,0,10750,49700,221,9,,7615,
09/03/2021,Northern Ireland,N92000002,240,114029,6,2084,,0,8912,45171,244,11,,6907,
08/03/2021,Northern Ireland,N92000002,144,113789,1,2078,,0,7018,46548,261,16,,9467,
07/03/2021,Northern Ireland,N92000002,138,113645,2,2077,,0,2880,45758,261,12,,6510,
06/03/2021,Northern Ireland,N92000002,172,113507,6,2075,,0,3368,45804,258,13,,5829,
05/03/2021,Northern Ireland,N92000002,166,113335,1,2069,,0,7584,46150,259,13,,9517,
04/03/2021,Northern Ireland,N92000002,163,113169,2,2068,,0,9188,42832,277,14,,12938,
03/03/2021,Northern Ireland,N92000002,226,113006,4,2066,,0,6221,44756,288,14,,13979,
02/03/2021,Northern Ireland,N92000002,149,112780,2,2062,,0,10289,47796,310,15,,10122,
01/03/2021,Northern Ireland,N92000002,138,112631,2,2060,,0,6228,44254,334,23,,14162,
28/02/2021,Northern Ireland,N92000002,136,112493,2,2058,,0,2926,45342,342,8,,4936,
27/02/2021,Northern Ireland,N92000002,184,112357,2,2056,,0,3714,45543,346,13,,5367,
26/02/2021,Northern Ireland,N92000002,241,112173,3,2054,,0,4266,46384,349,18,,11208,
25/02/2021,Northern Ireland,N92000002,281,111932,4,2051,,0,11112,46986,376,19,,13856,
24/02/2021,Northern Ireland,N92000002,260,111651,4,2047,,0,9261,47829,390,21,,13650,
23/02/2021,Northern Ireland,N92000002,225,111391,2,2043,,0,6747,47800,412,26,,10374,
22/02/2021,Northern Ireland,N92000002,187,111166,5,2041,,0,7316,47058,428,23,,10380,
21/02/2021,Northern Ireland,N92000002,263,110979,5,2036,,0,3127,46441,446,14,,12010,
20/02/2021,Northern Ireland,N92000002,276,110716,5,2031,,0,4555,46294,450,22,,3146,
19/02/2021,Northern Ireland,N92000002,313,110440,2,2026,,0,4868,44646,449,25,,7146,
18/02/2021,Northern Ireland,N92000002,342,110127,6,2024,,0,11955,46120,463,34,,8943,
17/02/2021,Northern Ireland,N92000002,297,109785,5,2018,,0,9232,45635,475,19,,9896,
16/02/2021,Northern Ireland,N92000002,341,109488,12,2013,,0,6005,44729,493,23,,8977,
15/02/2021,Northern Ireland,N92000002,234,109147,5,2001,,0,6699,46706,524,31,,12460,
14/02/2021,Northern Ireland,N92000002,176,108913,5,1996,,0,2980,44822,530,17,,6171,
13/02/2021,Northern Ireland,N92000002,303,108737,8,1991,,0,2907,45655,525,18,,3369,
12/02/2021,Northern Ireland,N92000002,407,108434,9,1983,,0,6342,47012,526,22,,14742,
11/02/2021,Northern Ireland,N92000002,253,108027,12,1974,,0,11470,47356,558,39,,20072,
10/02/2021,Northern Ireland,N92000002,336,107774,8,1962,,0,8326,48173,583,25,,20464,
09/02/2021,Northern Ireland,N92000002,275,107438,3,1954,,0,7982,50158,612,40,,16235,
08/02/2021,Northern Ireland,N92000002,296,107163,9,1951,,0,4815,51215,639,34,,14254,
07/02/2021,Northern Ireland,N92000002,334,106867,8,1942,,0,3813,52504,675,24,,7819,
06/02/2021,Northern Ireland,N92000002,390,106533,13,1934,,0,4264,52114,673,35,,6702,
05/02/2021,Northern Ireland,N92000002,506,106143,9,1921,,0,6686,52631,680,42,,15141,
04/02/2021,Northern Ireland,N92000002,412,105637,14,1912,,0,12287,51415,723,31,,12005,
03/02/2021,Northern Ireland,N92000002,504,105225,5,1898,,0,10311,52425,767,45,,17448,
02/02/2021,Northern Ireland,N92000002,447,104721,13,1893,,0,9039,53614,797,50,,13515,
01/02/2021,Northern Ireland,N92000002,314,104274,15,1880,,0,6104,51519,825,52,,11890,
31/01/2021,Northern Ireland,N92000002,426,103960,12,1865,,0,3423,51753,855,40,,7497,
30/01/2021,Northern Ireland,N92000002,455,103534,14,1853,,0,4781,52497,850,57,,10713,
29/01/2021,Northern Ireland,N92000002,669,103079,23,1839,,0,5470,52126,845,59,,8010,
28/01/2021,Northern Ireland,N92000002,592,102410,16,1816,,0,13297,53727,872,54,,20990,
27/01/2021,Northern Ireland,N92000002,527,101818,20,1800,,0,11500,54688,907,50,,8161,
26/01/2021,Northern Ireland,N92000002,550,101291,12,1780,,0,6944,54196,946,72,,4938,
25/01/2021,Northern Ireland,N92000002,422,100741,15,1768,,0,6338,56990,971,61,,3757,
24/01/2021,Northern Ireland,N92000002,433,100319,13,1753,,0,4167,56663,998,59,,4024,
23/01/2021,Northern Ireland,N92000002,670,99886,20,1740,,0,4410,57169,975,55,,1305,
22/01/2021,Northern Ireland,N92000002,865,99216,13,1720,,0,7071,60125,971,75,,3477,
21/01/2021,Northern Ireland,N92000002,732,98351,11,1707,,0,14258,59877,989,89,,7011,
20/01/2021,Northern Ireland,N92000002,905,97619,19,1696,,0,11008,58552,984,78,,6142,
19/01/2021,Northern Ireland,N92000002,713,96714,19,1677,,0,9738,58860,1003,70,,5960,
18/01/2021,Northern Ireland,N92000002,640,96001,21,1658,,0,6011,59328,1029,77,,7703,
17/01/2021,Northern Ireland,N92000002,822,95361,29,1637,,0,4673,61397,1047,73,,6172,
16/01/2021,Northern Ireland,N92000002,705,94539,20,1608,,0,7366,62531,1040,92,,3181,
15/01/2021,Northern Ireland,N92000002,1052,93834,24,1588,,0,6823,62542,1019,83,,3549,
14/01/2021,Northern Ireland,N92000002,973,92782,26,1564,,0,12933,67549,1047,100,,12120,
13/01/2021,Northern Ireland,N92000002,1145,91809,19,1538,,0,11316,70102,1056,75,,12454,
12/01/2021,Northern Ireland,N92000002,1205,90664,19,1519,,0,10206,69951,1054,91,,9782,
11/01/2021,Northern Ireland,N92000002,759,89459,23,1500,,0,8080,72883,1048,90,,7521,
10/01/2021,Northern Ireland,N92000002,1112,88700,16,1477,,0,5807,72476,1053,103,,,
09/01/2021,Northern Ireland,N92000002,1442,87588,20,1461,,0,7377,75392,1000,88,,,
08/01/2021,Northern Ireland,N92000002,1500,86146,10,1441,,0,11830,76539,967,110,,,
07/01/2021,Northern Ireland,N92000002,1410,84646,21,1431,,0,15486,85322,931,83,,,
06/01/2021,Northern Ireland,N92000002,1985,83236,11,1410,,0,11165,69836,922,80,,,
05/01/2021,Northern Ireland,N92000002,1378,81251,7,1399,,0,13138,73516,909,80,,,
04/01/2021,Northern Ireland,N92000002,1801,79873,13,1392,,0,7673,71003,902,76,,,
03/01/2021,Northern Ireland,N92000002,1662,78072,12,1379,,0,8723,70837,894,75,,,
02/01/2021,Northern Ireland,N92000002,3576,76410,14,1367,,0,8524,71989,856,58,,,
01/01/2021,Northern Ireland,N92000002,0,72834,13,1353,,0,20613,63465,829,70,,,
31/12/2020,Northern Ireland,N92000002,1929,72834,10,1340,,0,0,56495,796,72,,,
30/12/2020,Northern Ireland,N92000002,2143,70905,13,1330,,0,14845,56495,804,77,,,
29/12/2020,Northern Ireland,N92000002,1566,68762,11,1317,,0,10625,54974,778,74,,,
28/12/2020,Northern Ireland,N92000002,1634,67196,8,1306,,0,7507,53366,740,59,,,
27/12/2020,Northern Ireland,N92000002,0,65562,14,1298,,0,9875,51025,712,60,,,
26/12/2020,Northern Ireland,N92000002,998,65562,10,1284,,0,0,48127,679,50,,,
25/12/2020,Northern Ireland,N92000002,0,64564,7,1274,,0,13643,54851,647,45,,,
24/12/2020,Northern Ireland,N92000002,841,64564,15,1267,,0,0,51312,630,46,,,
23/12/2020,Northern Ireland,N92000002,787,63723,15,1252,,0,13324,58124,643,51,,,
22/12/2020,Northern Ireland,N92000002,439,62936,10,1237,,0,9017,55420,653,50,,,
21/12/2020,Northern Ireland,N92000002,555,62497,17,1227,,0,5166,54888,663,57,,,
20/12/2020,Northern Ireland,N92000002,505,61942,12,1210,,0,6977,55431,658,34,,,
19/12/2020,Northern Ireland,N92000002,640,61437,15,1198,,0,6724,52860,642,32,,,
18/12/2020,Northern Ireland,N92000002,510,60797,10,1183,,0,10104,51982,634,42,,,
17/12/2020,Northern Ireland,N92000002,656,60287,14,1173,,0,6812,49070,644,45,,,
16/12/2020,Northern Ireland,N92000002,510,59631,13,1159,,0,10620,51633,662,43,,,
15/12/2020,Northern Ireland,N92000002,486,59121,6,1146,,0,8485,49893,664,56,,,
14/12/2020,Northern Ireland,N92000002,419,58635,6,1140,,0,5709,50401,652,50,,,
13/12/2020,Northern Ireland,N92000002,483,58216,5,1134,,0,4406,50354,638,39,,,
12/12/2020,Northern Ireland,N92000002,476,57733,7,1129,,0,5846,50437,618,41,,,
11/12/2020,Northern Ireland,N92000002,538,57257,9,1122,,0,7192,50557,600,30,,,
10/12/2020,Northern Ireland,N92000002,441,56719,13,1113,,0,9375,50895,615,31,,,
09/12/2020,Northern Ireland,N92000002,483,56278,9,1100,,0,8880,49815,612,34,,,
08/12/2020,Northern Ireland,N92000002,351,55795,7,1091,,0,8993,50353,634,53,,,
07/12/2020,Northern Ireland,N92000002,397,55444,17,1084,,0,5662,49591,617,42,,,
06/12/2020,Northern Ireland,N92000002,419,55047,11,1067,,0,4489,49036,621,32,,,
05/12/2020,Northern Ireland,N92000002,451,54628,12,1056,,0,5966,48149,608,33,,,
04/12/2020,Northern Ireland,N92000002,449,54177,7,1044,,0,7530,46984,600,40,,,
03/12/2020,Northern Ireland,N92000002,456,53728,6,1037,,0,8295,44960,593,40,,,
02/12/2020,Northern Ireland,N92000002,416,53272,8,1031,,0,9418,45155,594,38,,,
01/12/2020,Northern Ireland,N92000002,391,52856,7,1023,,0,8231,45253,613,36,,,
30/11/2020,Northern Ireland,N92000002,290,52465,12,1016,,0,5107,46115,617,40,,,
29/11/2020,Northern Ireland,N92000002,351,52175,8,1004,,0,3602,42987,618,32,,,
28/11/2020,Northern Ireland,N92000002,315,51824,11,996,,0,4801,43011,597,27,,,
27/11/2020,Northern Ireland,N92000002,391,51509,11,985,,0,5506,43574,589,47,,,
26/11/2020,Northern Ireland,N92000002,442,51118,8,974,,0,8490,45156,595,31,,,
25/11/2020,Northern Ireland,N92000002,533,50676,10,966,,0,9516,44732,608,43,,,
24/11/2020,Northern Ireland,N92000002,79,50143,7,956,,0,9093,43997,607,39,,,
23/11/2020,Northern Ireland,N92000002,280,50064,8,949,,0,1979,42671,611,26,,,
22/11/2020,Northern Ireland,N92000002,342,49784,6,941,,0,3626,45989,635,29,,,
21/11/2020,Northern Ireland,N92000002,357,49442,8,935,,0,5364,46356,626,35,,,
20/11/2020,Northern Ireland,N92000002,369,49085,13,927,,0,7088,47309,614,50,,,
19/11/2020,Northern Ireland,N92000002,487,48716,13,914,,0,8066,48208,628,39,,,
18/11/2020,Northern Ireland,N92000002,518,48229,10,901,,0,8781,47777,634,39,,,
17/11/2020,Northern Ireland,N92000002,549,47711,11,891,,0,7767,46908,635,45,,,
16/11/2020,Northern Ireland,N92000002,331,47162,9,880,,0,5297,48700,646,45,,,
15/11/2020,Northern Ireland,N92000002,472,46831,13,871,,0,3993,47750,633,44,,,
14/11/2020,Northern Ireland,N92000002,511,46359,13,858,,0,6317,48298,622,39,,,
13/11/2020,Northern Ireland,N92000002,607,45848,11,845,,0,7987,47743,620,35,,,
12/11/2020,Northern Ireland,N92000002,548,45241,10,834,,0,7635,46511,639,38,,,
11/11/2020,Northern Ireland,N92000002,791,44693,13,824,,0,7912,45941,647,51,,,
10/11/2020,Northern Ireland,N92000002,514,43902,8,811,,0,9559,44916,648,53,,,
09/11/2020,Northern Ireland,N92000002,471,43388,10,803,,0,4347,43170,625,50,,,
08/11/2020,Northern Ireland,N92000002,420,42917,10,793,,0,4541,43775,629,48,,,
07/11/2020,Northern Ireland,N92000002,528,42497,7,783,,0,5762,43269,602,41,,,
06/11/2020,Northern Ireland,N92000002,595,41969,15,776,,0,6755,43360,595,55,,,
05/11/2020,Northern Ireland,N92000002,516,41374,7,761,,0,7065,43630,604,42,,,
04/11/2020,Northern Ireland,N92000002,679,40858,10,754,,0,6887,43583,609,53,,,
03/11/2020,Northern Ireland,N92000002,570,40179,12,744,,0,7813,44964,614,59,,,
02/11/2020,Northern Ireland,N92000002,493,39609,5,732,,0,4952,44469,607,55,,,
01/11/2020,Northern Ireland,N92000002,685,39116,10,727,,0,4035,46982,595,37,,,
31/10/2020,Northern Ireland,N92000002,649,38431,7,717,,0,5853,47840,580,37,,,
30/10/2020,Northern Ireland,N92000002,566,37782,9,710,,0,7025,49441,560,48,,,
29/10/2020,Northern Ireland,N92000002,822,37216,14,701,,0,7018,50149,565,58,,,
28/10/2020,Northern Ireland,N92000002,840,36394,9,687,,0,8268,52790,552,41,,,
27/10/2020,Northern Ireland,N92000002,722,35554,10,678,,0,7318,53843,558,58,,,
26/10/2020,Northern Ireland,N92000002,727,34832,11,668,,0,7465,55545,546,47,,,
25/10/2020,Northern Ireland,N92000002,896,34105,6,657,,0,4893,54760,546,47,,,
24/10/2020,Northern Ireland,N92000002,923,33209,8,651,,0,7454,55989,526,55,,,
23/10/2020,Northern Ireland,N92000002,1252,32286,6,643,,0,7733,59167,498,48,,,
22/10/2020,Northern Ireland,N92000002,1042,31034,4,637,,0,9659,59205,482,54,,,
21/10/2020,Northern Ireland,N92000002,1039,29992,6,633,,0,9321,60540,464,43,,,
20/10/2020,Northern Ireland,N92000002,913,28953,3,627,,0,9020,59486,464,54,,,
19/10/2020,Northern Ireland,N92000002,820,28040,4,624,,0,6680,61086,444,47,,,
18/10/2020,Northern Ireland,N92000002,1012,27220,7,620,,0,6122,60920,433,45,,,
17/10/2020,Northern Ireland,N92000002,1031,26208,3,613,,0,10632,61922,407,47,,,
16/10/2020,Northern Ireland,N92000002,1299,25177,2,610,,0,7771,61651,373,48,,,
15/10/2020,Northern Ireland,N92000002,763,23878,4,608,,0,10994,64071,349,46,,,
14/10/2020,Northern Ireland,N92000002,1217,23115,2,604,,0,8267,63712,331,37,,,
13/10/2020,Northern Ireland,N92000002,863,21898,4,602,,0,10620,65376,316,44,,,
12/10/2020,Northern Ireland,N92000002,877,21035,5,598,,0,6514,64550,297,32,,,
11/10/2020,Northern Ireland,N92000002,1066,20158,6,593,,0,7124,65340,290,37,,,
10/10/2020,Northern Ireland,N92000002,902,19092,0,587,,0,10361,65730,265,31,,,
09/10/2020,Northern Ireland,N92000002,1080,18190,0,587,,0,10191,61043,244,23,,,
08/10/2020,Northern Ireland,N92000002,923,17110,0,587,,0,10635,59264,245,30,,,
07/10/2020,Northern Ireland,N92000002,828,16187,1,587,,0,9931,57310,231,30,,,
06/10/2020,Northern Ireland,N92000002,669,15359,1,586,,0,9794,53421,216,27,,,
05/10/2020,Northern Ireland,N92000002,616,14690,1,585,,0,7304,51570,198,26,,,
04/10/2020,Northern Ireland,N92000002,462,14074,0,584,,0,7514,49585,181,17,,,
03/10/2020,Northern Ireland,N92000002,726,13612,1,584,,0,5674,47795,166,22,,,
02/10/2020,Northern Ireland,N92000002,934,12886,2,583,,0,8412,46847,150,10,,,
01/10/2020,Northern Ireland,N92000002,259,11952,1,581,,0,8681,47099,155,18,,,
30/09/2020,Northern Ireland,N92000002,424,11693,1,580,,0,6042,45828,146,16,,,
29/09/2020,Northern Ireland,N92000002,320,11269,0,579,,0,7943,46062,138,9,,,
28/09/2020,Northern Ireland,N92000002,220,10949,1,579,,0,5319,46190,134,21,,,
27/09/2020,Northern Ireland,N92000002,187,10729,0,578,,0,5724,45366,118,12,,,
26/09/2020,Northern Ireland,N92000002,319,10542,0,578,,0,4726,46097,109,11,,,
25/09/2020,Northern Ireland,N92000002,273,10223,1,578,,0,8664,47135,100,6,,,
24/09/2020,Northern Ireland,N92000002,189,9950,0,577,,0,7410,47595,100,8,,,
23/09/2020,Northern Ireland,N92000002,220,9761,0,577,,0,6276,,97,13,,,
22/09/2020,Northern Ireland,N92000002,75,9541,0,577,,0,8071,,92,8,,,
21/09/2020,Northern Ireland,N92000002,125,9466,0,577,,0,4495,,87,11,,,
20/09/2020,Northern Ireland,N92000002,176,9341,0,577,,0,6455,,79,6,,,
19/09/2020,Northern Ireland,N92000002,222,9165,2,577,,0,5764,,73,4,,,
18/09/2020,Northern Ireland,N92000002,163,8943,1,575,,0,9124,,72,3,,,
17/09/2020,Northern Ireland,N92000002,149,8780,0,574,,0,,,71,4,,,
16/09/2020,Northern Ireland,N92000002,129,8631,2,574,,0,,,72,3,,,
15/09/2020,Northern Ireland,N92000002,79,8502,1,572,,0,,,74,4,,,
14/09/2020,Northern Ireland,N92000002,109,8423,1,571,,0,,,74,8,,,
13/09/2020,Northern Ireland,N92000002,87,8314,0,570,,0,,,71,6,,,
12/09/2020,Northern Ireland,N92000002,104,8227,0,570,,0,,,65,4,,,
11/09/2020,Northern Ireland,N92000002,88,8123,2,570,,0,,,61,7,,,
10/09/2020,Northern Ireland,N92000002,78,8035,1,568,,0,,,58,7,,,
09/09/2020,Northern Ireland,N92000002,49,7957,0,567,,0,,,56,3,,,
08/09/2020,Northern Ireland,N92000002,40,7908,0,567,,0,,,57,9,,,
07/09/2020,Northern Ireland,N92000002,141,7868,2,567,,0,,,53,1,,,
06/09/2020,Northern Ireland,N92000002,106,7727,0,565,,0,,,54,4,,,
05/09/2020,Northern Ireland,N92000002,118,7621,1,565,,0,,,51,1,,,
04/09/2020,Northern Ireland,N92000002,61,7503,0,564,,0,,,51,2,,,
03/09/2020,Northern Ireland,N92000002,77,7442,2,564,,0,,,52,3,,,
02/09/2020,Northern Ireland,N92000002,71,7365,0,562,,0,,,52,0,,,
01/09/2020,Northern Ireland,N92000002,49,7294,1,562,,0,,,58,4,,,
31/08/2020,Northern Ireland,N92000002,58,7245,0,561,,0,,,59,5,,,
30/08/2020,Northern Ireland,N92000002,49,7187,0,561,,0,,,54,3,,,
29/08/2020,Northern Ireland,N92000002,89,7138,0,561,,0,,,55,2,,,
28/08/2020,Northern Ireland,N92000002,85,7049,1,561,,0,,,53,5,,,
27/08/2020,Northern Ireland,N92000002,69,6964,0,560,,0,,,50,4,,,
26/08/2020,Northern Ireland,N92000002,72,6895,0,560,,0,,,47,0,,,
25/08/2020,Northern Ireland,N92000002,47,6823,1,560,,0,,,53,2,,,
24/08/2020,Northern Ireland,N92000002,10,6776,0,559,,0,,,56,6,,,
23/08/2020,Northern Ireland,N92000002,119,6766,0,559,,0,,,52,3,,,
22/08/2020,Northern Ireland,N92000002,71,6647,0,559,,0,,,51,3,,,
21/08/2020,Northern Ireland,N92000002,20,6576,0,559,,0,,,52,2,,,
20/08/2020,Northern Ireland,N92000002,51,6556,0,559,,0,,,51,6,,,
19/08/2020,Northern Ireland,N92000002,34,6505,0,559,,0,,,46,6,,,
18/08/2020,Northern Ireland,N92000002,41,6471,0,559,,0,,,41,6,,,
17/08/2020,Northern Ireland,N92000002,39,6430,0,559,,0,,,37,6,,,
16/08/2020,Northern Ireland,N92000002,27,6391,0,559,,0,,,31,2,,,
15/08/2020,Northern Ireland,N92000002,65,6364,1,559,,0,,,31,2,,,
14/08/2020,Northern Ireland,N92000002,74,6299,0,558,,0,,,30,2,,,
13/08/2020,Northern Ireland,N92000002,8,6225,1,558,,0,,,30,4,,,
12/08/2020,Northern Ireland,N92000002,29,6217,0,557,,0,,,28,3,,,
11/08/2020,Northern Ireland,N92000002,48,6188,0,557,,0,,,29,2,,,
10/08/2020,Northern Ireland,N92000002,0,6140,0,557,,0,,,28,0,,,
09/08/2020,Northern Ireland,N92000002,0,6064,0,557,,0,,,29,2,,,
08/08/2020,Northern Ireland,N92000002,0,6064,1,557,,0,,,28,5,,,
07/08/2020,Northern Ireland,N92000002,15,6064,0,556,,0,,,25,0,,,
06/08/2020,Northern Ireland,N92000002,43,6049,0,556,,0,,,26,3,,,
05/08/2020,Northern Ireland,N92000002,10,6006,0,556,,0,,,23,1,,,
04/08/2020,Northern Ireland,N92000002,8,5996,0,556,,0,,,24,1,,,
03/08/2020,Northern Ireland,N92000002,0,5988,0,556,,0,,,25,3,,,
02/08/2020,Northern Ireland,N92000002,0,5948,0,556,,0,,,26,1,,,
01/08/2020,Northern Ireland,N92000002,0,5948,0,556,,0,,,27,3,,,
31/07/2020,Northern Ireland,N92000002,10,5948,0,556,,0,,,25,2,,,
30/07/2020,Northern Ireland,N92000002,8,5938,0,556,,0,,,24,1,,,
29/07/2020,Northern Ireland,N92000002,9,5930,0,556,,0,,,26,2,,,
28/07/2020,Northern Ireland,N92000002,9,5921,0,556,,0,,,25,1,,,
27/07/2020,Northern Ireland,N92000002,0,5912,0,556,,0,,,25,2,,,
26/07/2020,Northern Ireland,N92000002,0,5891,0,556,,0,,,24,0,,,
25/07/2020,Northern Ireland,N92000002,0,5891,0,556,,0,,,25,2,,,
24/07/2020,Northern Ireland,N92000002,15,5891,0,556,,0,,,25,3,,,
23/07/2020,Northern Ireland,N92000002,8,5876,0,556,,0,,,24,0,,,
22/07/2020,Northern Ireland,N92000002,9,5868,0,556,,0,,,24,2,,,
21/07/2020,Northern Ireland,N92000002,2,5859,0,556,,0,,,25,0,,,
20/07/2020,Northern Ireland,N92000002,0,5857,0,556,,0,,,27,1,,,
19/07/2020,Northern Ireland,N92000002,0,5834,0,556,,0,,,26,1,,,
18/07/2020,Northern Ireland,N92000002,0,5834,0,556,,0,,,25,2,,,
17/07/2020,Northern Ireland,N92000002,19,5834,0,556,,0,,,23,0,,,
16/07/2020,Northern Ireland,N92000002,16,5815,0,556,,0,,,25,2,,,
15/07/2020,Northern Ireland,N92000002,9,5799,0,556,,0,,,25,1,,,
14/07/2020,Northern Ireland,N92000002,2,5790,0,556,,0,,,24,0,,,
13/07/2020,Northern Ireland,N92000002,0,5788,0,556,,0,,,26,1,,,
12/07/2020,Northern Ireland,N92000002,0,5772,1,556,,0,,,27,0,,,
11/07/2020,Northern Ireland,N92000002,0,5772,0,555,,0,,,29,1,,,
10/07/2020,Northern Ireland,N92000002,4,5772,0,555,,0,,,28,0,,,
09/07/2020,Northern Ireland,N92000002,3,5768,1,555,,0,,,30,3,,,
08/07/2020,Northern Ireland,N92000002,4,5765,0,554,,0,,,31,3,,,
07/07/2020,Northern Ireland,N92000002,5,5761,0,554,,0,,,31,1,,,
06/07/2020,Northern Ireland,N92000002,0,5756,0,554,,0,,,30,1,,,
05/07/2020,Northern Ireland,N92000002,0,5747,0,554,,0,,,30,0,,,
04/07/2020,Northern Ireland,N92000002,0,5747,0,554,,0,,,30,3,,,
03/07/2020,Northern Ireland,N92000002,4,5747,2,554,,0,,,28,1,,,
02/07/2020,Northern Ireland,N92000002,7,5768,0,552,,0,,,31,2,,,
01/07/2020,Northern Ireland,N92000002,1,5761,1,552,,0,,,32,0,,,
30/06/2020,Northern Ireland,N92000002,3,5760,0,551,,0,,,34,2,,,
29/06/2020,Northern Ireland,N92000002,6,5757,1,551,,0,,,36,0,,,
28/06/2020,Northern Ireland,N92000002,1,5751,0,550,,0,,,40,3,,,
27/06/2020,Northern Ireland,N92000002,2,5750,0,550,,0,,,37,0,,,
26/06/2020,Northern Ireland,N92000002,4,5748,2,550,,0,,,40,2,,,
25/06/2020,Northern Ireland,N92000002,1,4874,1,548,,0,,,47,2,,,
24/06/2020,Northern Ireland,N92000002,2,4873,0,547,,0,,,48,1,,,
23/06/2020,Northern Ireland,N92000002,0,4871,1,547,,0,,,53,3,,,
22/06/2020,Northern Ireland,N92000002,1,4871,1,546,,0,,,52,2,,,
21/06/2020,Northern Ireland,N92000002,4,4870,0,545,,0,,,51,4,,,
20/06/2020,Northern Ireland,N92000002,0,4866,0,545,,0,,,47,3,,,
19/06/2020,Northern Ireland,N92000002,3,4866,1,545,,0,,,45,1,,,
18/06/2020,Northern Ireland,N92000002,1,4863,1,544,,0,,,50,1,,,
17/06/2020,Northern Ireland,N92000002,8,4862,1,543,,0,,,53,1,,,
16/06/2020,Northern Ireland,N92000002,2,4854,1,542,,0,,,59,1,,,
15/06/2020,Northern Ireland,N92000002,4,4852,0,541,,0,,,66,0,,,
14/06/2020,Northern Ireland,N92000002,7,4848,0,541,,0,,,67,0,,,
13/06/2020,Northern Ireland,N92000002,3,4841,1,541,,0,,,68,2,,,
12/06/2020,Northern Ireland,N92000002,16,4838,1,540,,0,,,70,2,,,
11/06/2020,Northern Ireland,N92000002,4,4822,2,539,,0,,,75,5,,,
10/06/2020,Northern Ireland,N92000002,13,4818,0,537,,0,,,81,5,,,
09/06/2020,Northern Ireland,N92000002,3,4805,0,537,,0,,,83,5,,,
08/06/2020,Northern Ireland,N92000002,6,4802,0,537,,0,,,89,2,,,
07/06/2020,Northern Ireland,N92000002,6,4796,0,537,,0,,,89,1,,,
06/06/2020,Northern Ireland,N92000002,14,4790,0,537,,0,,,89,3,,,
05/06/2020,Northern Ireland,N92000002,3,4776,1,537,,0,,,92,3,,,
04/06/2020,Northern Ireland,N92000002,33,4773,0,536,,0,,,96,3,,,
03/06/2020,Northern Ireland,N92000002,8,4740,2,536,,0,,,108,3,,,
02/06/2020,Northern Ireland,N92000002,4,4732,2,534,,0,,,119,4,,,
01/06/2020,Northern Ireland,N92000002,12,4728,1,532,,0,,,127,3,,,
31/05/2020,Northern Ireland,N92000002,7,4716,1,531,,0,,,139,4,,,
30/05/2020,Northern Ireland,N92000002,13,4709,2,530,,0,,,137,5,,,
29/05/2020,Northern Ireland,N92000002,17,4696,1,528,,0,,,136,6,,,
28/05/2020,Northern Ireland,N92000002,16,4679,3,527,,0,,,144,6,,,
27/05/2020,Northern Ireland,N92000002,26,4663,4,524,,0,,,149,6,,,
26/05/2020,Northern Ireland,N92000002,28,4637,1,520,,0,,,158,10,,,
25/05/2020,Northern Ireland,N92000002,39,4609,1,519,,0,,,159,9,,,
24/05/2020,Northern Ireland,N92000002,25,4570,7,518,,0,,,161,4,,,
23/05/2020,Northern Ireland,N92000002,41,4545,2,511,,0,,,162,4,,,
22/05/2020,Northern Ireland,N92000002,23,4504,1,509,,0,,,164,5,,,
21/05/2020,Northern Ireland,N92000002,42,4481,4,508,,0,,,172,8,,,
20/05/2020,Northern Ireland,N92000002,18,4439,5,504,,0,,,181,5,,,
19/05/2020,Northern Ireland,N92000002,20,4421,5,499,,0,,,197,10,,,
18/05/2020,Northern Ireland,N92000002,16,4401,7,494,,0,,,202,11,,,
17/05/2020,Northern Ireland,N92000002,28,4385,7,487,,0,,,208,12,,,
16/05/2020,Northern Ireland,N92000002,40,4357,4,480,,0,,,206,7,,,
15/05/2020,Northern Ireland,N92000002,26,4317,3,476,,0,,,210,11,,,
14/05/2020,Northern Ireland,N92000002,38,4291,10,473,,0,,,226,13,,,
13/05/2020,Northern Ireland,N92000002,60,4253,3,463,,0,,,245,16,,,
12/05/2020,Northern Ireland,N92000002,44,4193,4,460,,0,,,244,10,,,
11/05/2020,Northern Ireland,N92000002,30,4149,2,456,,0,,,248,22,,,
10/05/2020,Northern Ireland,N92000002,41,4119,10,454,,0,,,241,18,,,
09/05/2020,Northern Ireland,N92000002,56,4078,7,444,,0,,,232,19,,,
08/05/2020,Northern Ireland,N92000002,38,4022,6,437,,0,,,220,7,,,
07/05/2020,Northern Ireland,N92000002,50,3984,3,431,,0,,,231,12,,,
06/05/2020,Northern Ireland,N92000002,53,3934,3,428,,0,,,239,17,,,
05/05/2020,Northern Ireland,N92000002,45,3881,6,425,,0,,,243,11,,,
04/05/2020,Northern Ireland,N92000002,69,3836,9,419,,0,,,260,13,,,
03/05/2020,Northern Ireland,N92000002,78,3767,11,410,,0,,,264,10,,,
02/05/2020,Northern Ireland,N92000002,66,3689,12,399,,0,,,268,12,,,
01/05/2020,Northern Ireland,N92000002,87,3623,12,387,,0,,,269,19,,,
30/04/2020,Northern Ireland,N92000002,73,3536,8,375,,0,,,275,27,,,
29/04/2020,Northern Ireland,N92000002,55,3463,14,367,,0,,,270,17,,,
28/04/2020,Northern Ireland,N92000002,34,3408,6,353,,0,,,277,11,,,
27/04/2020,Northern Ireland,N92000002,66,3374,13,347,,0,,,286,23,,,
26/04/2020,Northern Ireland,N92000002,82,3308,14,334,,0,,,289,11,,,
25/04/2020,Northern Ireland,N92000002,104,3226,15,320,,0,,,298,19,,,
24/04/2020,Northern Ireland,N92000002,106,3122,11,305,,0,,,295,22,,,
23/04/2020,Northern Ireland,N92000002,142,3016,16,294,,0,,,301,23,,,
22/04/2020,Northern Ireland,N92000002,116,2874,19,278,,0,,,310,27,,,
21/04/2020,Northern Ireland,N92000002,30,2758,13,259,,0,,,312,31,,,
20/04/2020,Northern Ireland,N92000002,83,2728,12,246,,0,,,304,33,,,
19/04/2020,Northern Ireland,N92000002,159,2645,10,234,,0,,,298,22,,,
18/04/2020,Northern Ireland,N92000002,148,2486,10,224,,0,,,287,15,,,
17/04/2020,Northern Ireland,N92000002,137,2338,9,214,,0,,,290,32,,,
16/04/2020,Northern Ireland,N92000002,113,2201,11,205,,0,,,283,33,,,
15/04/2020,Northern Ireland,N92000002,121,2088,16,194,,0,,,278,23,,,
14/04/2020,Northern Ireland,N92000002,85,1967,12,178,,0,,,296,22,,,
13/04/2020,Northern Ireland,N92000002,76,1882,7,166,,0,,,308,17,,,
12/04/2020,Northern Ireland,N92000002,89,1806,16,159,,0,,,316,22,,,
11/04/2020,Northern Ireland,N92000002,128,1717,11,143,,0,,,318,22,,,
10/04/2020,Northern Ireland,N92000002,112,1589,11,132,,0,,,317,20,,,
09/04/2020,Northern Ireland,N92000002,138,1477,18,121,,0,,,347,33,,,
08/04/2020,Northern Ireland,N92000002,84,1339,4,103,,0,,,357,32,,,
07/04/2020,Northern Ireland,N92000002,97,1255,8,99,,0,,,354,39,,,
06/04/2020,Northern Ireland,N92000002,69,1158,6,91,,0,,,346,42,,,
05/04/2020,Northern Ireland,N92000002,91,1089,11,85,,0,,,330,29,,,
04/04/2020,Northern Ireland,N92000002,94,998,9,74,,0,,,330,41,,,
03/04/2020,Northern Ireland,N92000002,130,904,10,65,,0,,,306,44,,,
02/04/2020,Northern Ireland,N92000002,85,774,10,55,,0,,,305,44,,,
01/04/2020,Northern Ireland,N92000002,103,689,4,45,,0,,,280,45,,,
31/03/2020,Northern Ireland,N92000002,53,586,5,41,,0,,,252,43,,,
30/03/2020,Northern Ireland,N92000002,123,533,4,36,,0,,,227,35,,,
29/03/2020,Northern Ireland,N92000002,86,410,4,32,,0,,,207,34,,,
28/03/2020,Northern Ireland,N92000002,49,324,8,28,,0,,,188,37,,,
27/03/2020,Northern Ireland,N92000002,34,275,3,20,,0,,,158,30,,,
26/03/2020,Northern Ireland,N92000002,32,241,2,17,,0,,,140,28,,,
25/03/2020,Northern Ireland,N92000002,37,209,4,15,,0,,,116,29,,,
24/03/2020,Northern Ireland,N92000002,24,172,2,11,,0,,,94,15,,,
23/03/2020,Northern Ireland,N92000002,20,148,5,9,,0,,,87,18,,,
22/03/2020,Northern Ireland,N92000002,20,128,1,4,,0,,,77,10,,,
21/03/2020,Northern Ireland,N92000002,22,108,1,3,,0,,,70,15,,,
20/03/2020,Northern Ireland,N92000002,9,86,0,2,,0,,,56,12,,,
19/03/2020,Northern Ireland,N92000002,9,77,1,2,,,,,44,5,,,
18/03/2020,Northern Ireland,N92000002,6,68,1,1,,,,,43,8,,,
17/03/2020,Northern Ireland,N92000002,10,62,,,,,,,37,5,,,
16/03/2020,Northern Ireland,N92000002,7,52,,,,,,,35,4,,,
15/03/2020,Northern Ireland,N92000002,11,45,,,,,,,31,1,,,
14/03/2020,Northern Ireland,N92000002,5,34,,,,,,,31,2,,,
13/03/2020,Northern Ireland,N92000002,10,29,,,,,,,29,2,,,
12/03/2020,Northern Ireland,N92000002,1,19,,,,,,,28,3,,,
11/03/2020,Northern Ireland,N92000002,2,18,,,,,,,25,4,,,
10/03/2020,Northern Ireland,N92000002,0,16,,,,,,,21,4,,,
09/03/2020,Northern Ireland,N92000002,3,12,,,,,,,17,1,,,
08/03/2020,Northern Ireland,N92000002,5,9,,,,,,,16,0,,,
07/03/2020,Northern Ireland,N92000002,2,4,,,,,,,16,0,,,
06/03/2020,Northern Ireland,N92000002,2,2,,,,,,,16,3,,,
05/03/2020,Northern Ireland,N92000002,,,,,,,,,13,1,,,
04/03/2020,Northern Ireland,N92000002,,,,,,,,,12,0,,,
03/03/2020,Northern Ireland,N92000002,,,,,,,,,12,0,,,
02/03/2020,Northern Ireland,N92000002,,,,,,,,,12,1,,,
01/03/2020,Northern Ireland,N92000002,,,,,,,,,11,,,,