date,new_cases_smoothed_ROI,stringency_index_ROI,new_cases_smoothed_NI,COVID: (Ireland),COVID: (Northern Ireland)
06/03/2020,2.571,11.11,2,29,14
07/03/2020,2.429,11.11,2,29,14
08/03/2020,2.571,11.11,3.002703918,29,14
09/03/2020,2.857,11.11,3.002025196,50,34
10/03/2020,4.571,11.11,2.398370344,50,34
11/03/2020,5.286,11.11,2.331525864,50,34
12/03/2020,5.286,31.48,2.139762107,50,34
13/03/2020,10.286,42.59,3.131611129,50,34
14/03/2020,15.857,42.59,3.34146127,50,34
15/03/2020,15.714,48.15,4.116663102,50,34
16/03/2020,21.143,48.15,4.382341162,57,42
17/03/2020,27,48.15,4.857469513,57,42
18/03/2020,35.571,48.15,4.946788719,57,42
19/03/2020,73.429,48.15,5.241417341,57,42
20/03/2020,84.714,48.15,5.496757795,57,42
21/03/2020,93.714,48.15,6.549249925,57,42
22/03/2020,111,48.15,7.35769342,57,42
23/03/2020,136.571,48.15,8.076294988,47,35
24/03/2020,158,48.15,8.934926582,47,35
25/03/2020,181.714,48.15,10.37450146,47,35
26/03/2020,180.286,57.41,11.43235701,47,35
27/03/2020,205.429,75.93,12.48753145,47,35
28/03/2020,232.857,85.19,14.1226718,47,35
29/03/2020,244.143,85.19,17.21156599,47,35
30/03/2020,255,85.19,21.58176221,37,30
31/03/2020,272.286,85.19,22.83142079,37,30
01/04/2020,269,85.19,25.90612402,37,30
02/04/2020,290,85.19,28.0945247,37,30
03/04/2020,307.429,85.19,31.74308282,37,30
04/04/2020,312.714,85.19,33.90066423,37,30
05/04/2020,339.857,85.19,35.81822448,37,30
06/04/2020,350.571,90.74,36.89918009,31,24
07/04/2020,353.429,90.74,38.80027135,31,24
08/04/2020,375.286,90.74,40.18981262,31,24
09/04/2020,389.286,90.74,43.11469463,31,24
10/04/2020,545.143,90.74,45.12006177,31,24
11/04/2020,617.714,90.74,47.47074841,31,24
12/04/2020,665.857,90.74,48.61915195,31,24
13/04/2020,754.714,90.74,49.35787732,27,22
14/04/2020,824.286,90.74,50.29669387,27,22
15/04/2020,924.714,90.74,52.11601438,27,22
16/04/2020,956.714,90.74,53.64739466,27,22
17/04/2020,841.571,90.74,55.69787515,27,22
18/04/2020,832.857,90.74,57.91985097,27,22
19/04/2020,799.429,90.74,60.30221865,27,22
20/04/2020,715,90.74,60.8262483,27,22
21/04/2020,651.571,90.74,60.12877482,27,22
22/04/2020,589.143,90.74,61.36821672,27,22
23/04/2020,619.429,90.74,63.1227575,27,22
24/04/2020,600.571,90.74,64.03831142,27,22
25/04/2020,543.286,90.74,64.87598395,27,22
26/04/2020,573,90.74,65.2284978,27,22
27/04/2020,570.857,90.74,65.2441008,24,20
28/04/2020,548.143,90.74,64.62309748,24,20
29/04/2020,511.714,90.74,64.43506004,24,20
30/04/2020,429.286,90.74,64.59964898,24,20
01/05/2020,378.429,90.74,65.02311277,24,20
02/05/2020,373.571,90.74,65.04128567,24,20
03/05/2020,320.571,90.74,65.27858108,24,20
04/05/2020,303.429,90.74,65.34567882,26,21
05/05/2020,300.857,90.74,64.98438225,26,21
06/05/2020,285,90.74,64.77472201,26,21
07/05/2020,253.286,90.74,64.52001479,26,21
08/05/2020,244,90.74,64.06937827,26,21
09/05/2020,226.286,90.74,63.93419307,26,21
10/05/2020,212.857,90.74,63.55530447,26,21
11/05/2020,194.714,90.74,63.00850547,23,19
12/05/2020,179.857,90.74,62.70290822,23,19
13/05/2020,164.714,90.74,62.66002757,23,19
14/05/2020,206,90.74,62.27388898,23,19
15/05/2020,202.143,90.74,61.71316166,23,19
16/05/2020,184,90.74,61.38174487,23,19
17/05/2020,159.429,90.74,60.8785481,23,19
18/05/2020,152.143,83.33,60.21031772,20,18
19/05/2020,144.143,83.33,59.61880705,20,18
20/05/2020,130.571,83.33,59.01384335,20,18
21/05/2020,80.571,83.33,58.76942621,20,18
22/05/2020,78.571,83.33,58.26149636,20,18
23/05/2020,76.286,83.33,58.01916821,20,18
24/05/2020,75.286,83.33,57.56082105,20,18
25/05/2020,71.143,83.33,57.30602295,20,17
26/05/2020,69.143,83.33,56.90810603,20,17
27/05/2020,69.714,83.33,56.49295247,20,17
28/05/2020,64.286,83.33,55.95483207,20,17
29/05/2020,52.857,83.33,55.44257698,20,17
30/05/2020,49.571,83.33,54.89023067,20,17
31/05/2020,50.143,83.33,54.27335182,20,17
01/06/2020,52,83.33,53.73431307,18,17
02/06/2020,47.286,83.33,53.10644903,18,17
03/06/2020,44,83.33,52.54260516,18,17
04/06/2020,43,83.33,52.30068793,18,17
05/06/2020,41,72.22,51.69624738,18,17
06/06/2020,36.286,72.22,51.23845763,18,17
07/06/2020,30.143,72.22,50.69421441,18,17
08/06/2020,20.714,72.22,50.16148984,16,16
09/06/2020,21.286,72.22,49.6044927,16,16
10/06/2020,17.143,72.22,49.17608156,16,16
11/06/2020,13.714,72.22,48.65206899,16,16
12/06/2020,12.429,72.22,48.27666782,16,16
13/06/2020,16,72.22,47.76066132,16,16
14/06/2020,14.571,72.22,47.30012815,16,16
15/06/2020,16.286,72.22,46.81507407,17,15
16/06/2020,17,72.22,46.31728213,17,15
17/06/2020,15.714,72.22,45.89521465,17,15
18/06/2020,16.714,72.22,45.40476934,17,15
19/06/2020,16.857,72.22,44.94530935,17,15
20/06/2020,11.286,72.22,44.46225252,17,15
21/06/2020,10.857,72.22,44.03085024,17,15
22/06/2020,8.857,72.22,43.57568635,22,15
23/06/2020,8.143,72.22,43.11836244,22,15
24/06/2020,7.857,72.22,42.69016614,22,15
25/06/2020,7.143,72.22,42.25933893,22,15
26/06/2020,6.571,38.89,41.86696175,22,15
27/06/2020,9,38.89,41.46116373,22,15
28/06/2020,8.571,38.89,41.05237507,22,15
29/06/2020,11.286,38.89,40.70083554,26,15
30/06/2020,11.714,38.89,40.32548594,26,15
01/07/2020,11.571,38.89,39.93678213,26,15
02/07/2020,12,38.89,39.6135485,26,15
03/07/2020,12,38.89,39.26651478,26,15
04/07/2020,10.286,38.89,38.88656189,26,15
05/07/2020,12.571,38.89,38.51289269,26,15
06/07/2020,9.857,38.89,38.14535391,25,16
07/07/2020,9.286,38.89,37.83118919,25,16
08/07/2020,9.286,38.89,37.51268311,25,16
09/07/2020,10.857,38.89,37.18992852,25,16
10/07/2020,13,38.89,36.88159528,25,16
11/07/2020,14.571,38.89,36.54121004,25,16
12/07/2020,14.429,38.89,36.20615419,25,16
13/07/2020,15.286,38.89,35.87630476,21,17
14/07/2020,18.857,38.89,35.56964705,21,17
15/07/2020,20.143,38.89,35.33064963,21,17
16/07/2020,19,38.89,35.15785586,21,17
17/07/2020,20.143,38.89,35.01431885,21,17
18/07/2020,19.857,38.89,34.70518379,21,17
19/07/2020,18.857,38.89,34.40064477,21,17
20/07/2020,18.286,38.89,34.10060115,22,21
21/07/2020,18.857,38.89,33.82229483,22,21
22/07/2020,19.429,38.89,33.60836739,22,21
23/07/2020,18.286,38.89,33.38896402,22,21
24/07/2020,16.429,38.89,33.23233312,22,21
25/07/2020,17,38.89,32.95090899,22,21
26/07/2020,17.286,38.89,32.67346871,22,21
27/07/2020,18,38.89,32.39992927,30,24
28/07/2020,18.143,38.89,32.20513216,30,24
29/07/2020,17.571,38.89,32.01303732,30,24
30/07/2020,28.714,38.89,31.81535742,30,24
31/07/2020,31.429,38.89,31.63675746,30,24
01/08/2020,34.286,38.89,31.37916439,30,24
02/08/2020,40.143,38.89,31.12505187,30,24
03/08/2020,45.143,38.89,30.87435074,31,24
04/08/2020,46.286,38.89,30.69108753,31,24
05/08/2020,51.571,38.89,30.52619208,31,24
06/08/2020,49.286,38.89,30.62507961,31,24
07/08/2020,57.857,38.89,30.5018543,31,24
08/08/2020,76.429,64.35,30.26254647,31,24
09/08/2020,78.571,64.35,30.02633189,31,24
10/08/2020,80,64.35,29.7931518,35,28
11/08/2020,78.286,64.35,29.93383072,35,28
12/08/2020,76.429,64.35,29.92665138,35,28
13/08/2020,79.571,64.35,29.75891501,35,28
14/08/2020,75,64.35,30.09568695,35,28
15/08/2020,78.143,64.35,30.36008649,35,28
16/08/2020,77.857,64.35,30.33475739,35,28
17/08/2020,77.857,64.35,30.39976338,26,27
18/08/2020,99.714,67.13,30.47890543,26,27
19/08/2020,101.286,67.13,30.50506942,26,27
20/08/2020,106.714,67.13,30.65664274,26,27
21/08/2020,108.571,67.13,30.57819837,26,27
22/08/2020,102.429,67.13,30.87436564,26,27
23/08/2020,101.714,67.13,31.51708064,26,27
24/08/2020,114.714,67.13,31.36087062,27,28
25/08/2020,100.286,67.13,31.47389234,27,28
26/08/2020,116.571,67.13,31.76544853,27,28
27/08/2020,111,67.13,32.03212557,27,28
28/08/2020,117.571,67.13,32.40980045,27,28
29/08/2020,116,67.13,32.81152333,27,28
30/08/2020,113,67.13,32.9259388,27,28
31/08/2020,99.286,67.13,33.10238418,28,38
01/09/2020,117.714,67.13,33.21377201,28,38
02/09/2020,107.286,67.13,33.4773885,28,38
03/09/2020,107.571,67.13,33.77973173,28,38
04/09/2020,103.571,67.13,33.96802589,28,38
05/09/2020,116.286,67.13,34.54686897,28,38
06/09/2020,130.286,67.13,35.03701101,28,38
07/09/2020,137.571,67.13,35.76086625,38,36
08/09/2020,150.714,67.13,35.78970548,38,36
09/09/2020,150,67.13,35.87920907,38,36
10/09/2020,164.857,67.13,36.16343111,38,36
11/09/2020,181.143,67.13,36.51180268,38,36
12/09/2020,170.857,67.13,36.9635455,38,36
13/09/2020,187.571,67.13,37.29713977,38,36
14/09/2020,202.571,67.13,37.77329513,34,44
15/09/2020,209.857,67.13,38.04599339,34,44
16/09/2020,233.571,67.13,38.64527147,34,44
17/09/2020,237.571,67.13,39.36955979,34,44
18/09/2020,242.857,60.65,40.17785682,34,44
19/09/2020,258.286,60.65,41.36206564,34,44
20/09/2020,278.286,60.65,42.23563166,34,44
21/09/2020,275.571,52.31,42.77060134,34,39
22/09/2020,270.714,52.31,42.97814337,34,39
23/09/2020,268,52.31,44.11383207,34,39
24/09/2020,281.571,52.31,45.0399116,34,39
25/09/2020,292,52.31,46.49162005,34,39
26/09/2020,288.857,52.31,48.2206792,34,39
27/09/2020,293.857,52.31,49.09803191,34,39
28/09/2020,322.286,52.31,50.17456152,47,46
29/09/2020,328,52.31,51.86812365,47,46
30/09/2020,354.286,52.31,54.19548714,47,46
01/10/2020,371.857,52.31,55.471825,47,46
02/10/2020,392.571,52.31,60.92752145,47,46
03/10/2020,444,52.31,65.04319907,47,46
04/10/2020,434.571,52.31,67.49115104,47,46
05/10/2020,453.143,52.31,70.86200445,46,52
06/10/2020,461.857,52.31,74.52522804,46,52
07/10/2020,489.857,55.09,79.12404046,46,52
08/10/2020,498.429,55.09,84.25713881,46,52
09/10/2020,520,55.09,90.29358213,46,52
10/10/2020,578,55.09,95.19785627,46,52
11/10/2020,642.286,55.09,101.0438334,46,52
12/10/2020,686,55.09,105.7010123,41,40
13/10/2020,740.857,55.09,110.2312509,41,40
14/10/2020,808.429,55.09,116.8303875,41,40
15/10/2020,906.143,55.09,120.6706576,41,40
16/10/2020,960.571,55.09,127.6509774,41,40
17/10/2020,994.857,55.09,132.985136,41,40
18/10/2020,1062,55.09,138.159018,41,40
19/10/2020,1091.714,55.09,142.1595849,22,34
20/10/2020,1156.714,55.09,146.6680543,22,34
21/10/2020,1168.429,81.48,151.8707131,22,34
22/10/2020,1149.571,81.48,157.044329,22,34
23/10/2020,1119.143,81.48,163.3886874,22,34
24/10/2020,1061.429,81.48,167.7764233,22,34
25/10/2020,1023.714,81.48,171.96995,22,34
26/10/2020,1010.571,81.48,175.1563807,16,27
27/10/2020,930.143,81.48,178.2862921,16,27
28/10/2020,858.857,81.48,182.0622527,16,27
29/10/2020,831.571,81.48,185.7030036,16,27
30/10/2020,828.286,81.48,187.8601492,16,27
31/10/2020,764,81.48,190.4681029,16,27
01/11/2020,696.286,81.48,193.2566597,16,27
02/11/2020,669,81.48,194.9418924,17,30
03/11/2020,611.571,81.48,197.0444177,17,30
04/11/2020,578.429,81.48,199.738365,17,30
05/11/2020,535.571,81.48,201.5010514,17,30
06/11/2020,497,81.48,203.6879344,17,30
07/11/2020,485.571,81.48,205.4851717,17,30
08/11/2020,484.571,81.48,206.670577,17,30
09/11/2020,415.571,81.48,208.1271393,17,30
10/11/2020,405.857,81.48,209.8078975,17,30
11/11/2020,394.857,81.48,212.992619,17,30
12/11/2020,369.429,81.48,214.8232475,17,30
13/11/2020,365.857,81.48,216.9603648,17,30
14/11/2020,381.571,81.48,218.5583015,17,30
15/11/2020,358.429,81.48,219.9318545,17,30
16/11/2020,385.286,81.48,220.5321665,16,27
17/11/2020,399.571,81.48,222.3027106,16,27
18/11/2020,401.571,81.48,223.8923332,16,27
19/11/2020,405.857,81.48,225.302983,16,27
20/11/2020,386.143,81.48,226.0713677,16,27
21/11/2020,373.857,81.48,226.7696275,16,27
22/11/2020,365.429,81.48,227.3825519,16,27
23/11/2020,336.429,81.48,227.6616991,17,28
24/11/2020,320.571,81.48,226.8750659,17,28
25/11/2020,304.143,81.48,228.4907166,17,28
26/11/2020,288.714,81.48,229.6146668,17,28
27/11/2020,271,81.48,230.4620537,17,28
28/11/2020,257,81.48,230.9048079,17,28
29/11/2020,254.286,81.48,231.532195,17,28
30/11/2020,261.857,81.48,231.8368663,17,30
01/12/2020,266.857,81.48,232.6641753,17,30
02/12/2020,268.429,81.48,233.6147553,17,30
03/12/2020,247.714,81.48,234.764944,17,30
04/12/2020,256,72.22,235.870246,17,30
05/12/2020,286.571,72.22,236.9774401,17,30
06/12/2020,286.429,72.22,237.9119563,17,30
07/12/2020,274.857,72.22,238.7267411,26,38
08/12/2020,269.143,72.22,239.3003698,26,38
09/12/2020,262,72.22,240.542491,26,38
10/12/2020,282.143,72.22,241.5617657,26,38
11/12/2020,288,72.22,243.0654904,26,38
12/12/2020,258.286,72.22,244.2442855,26,38
13/12/2020,277,72.22,245.4496928,26,38
14/12/2020,283,72.22,246.3238434,44,48
15/12/2020,299.143,72.22,247.5282456,44,48
16/12/2020,328.143,72.22,248.8441376,44,48
17/12/2020,353.571,72.22,250.8806845,44,48
18/12/2020,392.429,72.22,252.1737917,44,48
19/12/2020,431.429,72.22,254.1047724,44,48
20/12/2020,479.571,72.22,255.3511343,44,48
21/12/2020,545.429,72.22,256.8363183,57,50
22/12/2020,636,75,257.7371635,57,50
23/12/2020,708.286,75,260.3486354,57,50
24/12/2020,770.714,68.52,263.2072775,57,50
25/12/2020,834.857,68.52,261.9143404,57,50
26/12/2020,945.429,68.52,265.5221843,57,50
27/12/2020,941,80.56,264.2236161,57,50
28/12/2020,946.714,80.56,270.9080233,65,57
29/12/2020,1030.143,80.56,277.2142232,65,57
30/12/2020,1143.143,84.26,286.2796319,65,57
31/12/2020,1243.714,84.26,294.2440182,65,57
01/01/2021,1347.714,87.96,292.8204971,65,57
02/01/2021,1647.429,87.96,308.6702687,65,57
03/01/2021,2251.143,87.96,315.189683,65,57
04/01/2021,3014.714,87.96,322.3321684,44,46
05/01/2021,3554.714,87.96,327.3962269,44,46
06/01/2021,4428.143,87.96,335.3311363,44,46
07/01/2021,5125.429,87.96,340.4648315,44,46
08/01/2021,6050.286,87.96,345.9924472,44,46
09/01/2021,6257.286,85.19,351.2064378,44,46
10/01/2021,6532.286,85.19,354.8182952,44,46
11/01/2021,6363.143,85.19,356.7332198,34,36
12/01/2021,6038.429,85.19,360.7439458,34,36
13/01/2021,5427.143,85.19,364.4445113,34,36
14/01/2021,5057.143,85.19,367.3102343,34,36
15/01/2021,4380.571,85.19,370.5280103,34,36
16/01/2021,4150.429,85.19,372.0967604,34,36
17/01/2021,3587.571,85.19,374.2027161,34,36
18/01/2021,3186.286,85.19,375.4444279,31,43
19/01/2021,3035.429,85.19,377.0182647,31,43
20/01/2021,2882.857,85.19,379.4751306,31,43
21/01/2021,2695,85.19,381.1123407,31,43
22/01/2021,2533,85.19,383.3552683,31,43
23/01/2021,2343.429,85.19,384.6813632,31,43
24/01/2021,2118.286,85.19,384.9044681,31,43
25/01/2021,2011.429,85.19,385.0754239,23,33
26/01/2021,1858.857,87.96,385.8340348,23,33
27/01/2021,1694,87.96,386.4821303,23,33
28/01/2021,1531.857,87.96,387.4238847,23,33
29/01/2021,1373.286,87.96,388.7117392,23,33
30/01/2021,1302.714,87.96,389.0143568,23,33
31/01/2021,1284.714,87.96,389.1828883,23,33
01/02/2021,1232.857,87.96,388.8409397,20,29
02/02/2021,1224.714,87.96,389.1049719,20,29
03/02/2021,1178.286,87.96,389.6256173,20,29
04/02/2021,1157,87.96,389.7268211,20,29
05/02/2021,1124.429,87.96,390.2517903,20,29
06/02/2021,1035,87.96,390.2506555,20,29
07/02/2021,1003,87.96,389.9976037,20,29
08/02/2021,977.714,87.96,389.5755012,22,35
09/02/2021,930.857,87.96,389.0619124,22,35
10/02/2021,929.857,87.96,388.824484,22,35
11/02/2021,865.286,87.96,388.2178069,22,35
12/02/2021,851,87.96,388.3015519,22,35
13/02/2021,892.571,87.96,387.9218823,22,35
14/02/2021,859.143,87.96,386.9802862,22,35
15/02/2021,857.857,87.96,386.3017587,24,39
16/02/2021,881.857,87.96,386.1011759,24,39
17/02/2021,830.286,87.96,385.707343,24,39
18/02/2021,835.143,87.96,385.5144857,24,39
19/02/2021,811.429,87.96,385.1950651,24,39
20/02/2021,797.429,87.96,384.7148884,24,39
21/02/2021,782.143,87.96,384.1805643,24,39
22/02/2021,763,87.96,383.3164098,19,32
23/02/2021,741,87.96,382.6237456,19,32
24/02/2021,727,87.96,382.0881413,19,32
25/02/2021,690.143,87.96,381.6473373,19,32
26/02/2021,693,87.96,381.0350492,19,32
27/02/2021,657.429,87.96,380.1787019,19,32
28/02/2021,647.857,87.96,379.1192054,19,32
01/03/2021,647.143,84.26,378.0746972,18,28
02/03/2021,618.571,84.26,377.0839824,18,28
03/03/2021,621.286,84.26,376.4316268,18,28
04/03/2021,595.857,84.26,375.5115537,18,28
05/03/2021,559.714,84.26,374.6098329,18,28
06/03/2021,531.286,84.26,373.7392137,18,28
07/03/2021,518.143,84.26,372.727853,18,28
08/03/2021,482.571,84.26,371.748131,18,38
09/03/2021,475.286,84.26,371.1847,18,38
10/03/2021,485.571,84.26,370.2274669,18,38
11/03/2021,504.286,84.26,369.599815,18,38
12/03/2021,521.571,84.26,368.9119674,18,38
13/03/2021,522.714,84.26,367.9646209,18,38
14/03/2021,503.143,84.26,367.0100313,18,38
15/03/2021,523.571,84.26,365.9677495,26,34
16/03/2021,529.429,84.26,365.1133774,26,34
17/03/2021,518.143,84.26,364.2512488,26,34
18/03/2021,516.714,84.26,363.4278073,26,34
19/03/2021,498,84.26,362.4743313,26,34
20/03/2021,496.143,84.26,361.6188047,26,34
21/03/2021,551.143,84.26,360.6254146,26,34
22/03/2021,543.286,84.26,359.4783804,26,36
23/03/2021,545.857,84.26,358.7020165,26,36
24/03/2021,564.143,84.26,357.7837666,26,36
25/03/2021,566,84.26,357.0543335,26,36
26/03/2021,574.429,84.26,356.3206794,26,36
27/03/2021,586.571,84.26,355.4122268,26,36
28/03/2021,563.143,84.26,354.4174646,26,36
29/03/2021,565.571,84.26,353.216678,23,32
30/03/2021,565.714,84.26,352.3789002,23,32
31/03/2021,527.143,84.26,351.4299604,23,32
01/04/2021,548.857,84.26,350.4202063,23,32
02/04/2021,551.429,84.26,349.4160615,23,32
03/04/2021,536.857,84.26,348.3227397,23,32
04/04/2021,515.286,84.26,346.8899373,23,32
05/04/2021,484,84.26,345.8306226,26,33
06/04/2021,494.714,84.26,344.6458839,26,33
07/04/2021,495.857,84.26,343.5946367,26,33
08/04/2021,446.143,84.26,342.59006,26,33
09/04/2021,429.286,84.26,341.652253,26,33
10/04/2021,421.143,84.26,340.8541777,26,33
11/04/2021,399.571,84.26,339.8282676,26,33
12/04/2021,409.143,80.56,338.8404815,27,34
13/04/2021,396.714,80.56,337.9189925,27,34
14/04/2021,397.143,80.56,336.941645,27,34
15/04/2021,382.714,80.56,336.2207595,27,34
16/04/2021,375.286,80.56,335.3419328,27,34
17/04/2021,370.714,80.56,334.3870322,27,34
18/04/2021,366.143,80.56,333.3686699,27,34
19/04/2021,368.714,80.56,332.3436811,31,36
20/04/2021,373.286,80.56,331.5052673,31,36
21/04/2021,370,80.56,330.6391817,31,36
22/04/2021,415.429,80.56,329.7937679,31,36
23/04/2021,417.714,80.56,328.8245873,31,36
24/04/2021,423.714,80.56,327.8285291,31,36
25/04/2021,446.429,80.56,326.8097653,31,36
26/04/2021,451.143,80.56,325.7963905,28,32
27/04/2021,456,80.56,324.9319156,28,32
28/04/2021,451.714,80.56,324.0281898,28,32
29/04/2021,430.857,80.56,323.1172848,28,32
30/04/2021,446.714,80.56,322.2627993,28,32
01/05/2021,461.857,80.56,321.3413817,28,32
02/05/2021,457.857,80.56,320.3415776,28,32
03/05/2021,460.143,80.56,319.3272054,26,28
04/05/2021,454.714,80.56,318.3932074,26,28
05/05/2021,461.429,80.56,317.52722,26,28
06/05/2021,449.714,80.56,316.677553,26,28
07/05/2021,433.429,80.56,315.6866034,26,28
08/05/2021,409.429,80.56,314.7636965,26,28
09/05/2021,424.429,80.56,313.9123217,26,28
10/05/2021,414.143,55.56,312.9790288,26,33
11/05/2021,413.571,55.56,312.101468,26,33
12/05/2021,418,55.56,311.3223285,26,33
13/05/2021,425.143,55.56,310.4924598,26,33
14/05/2021,423.714,55.56,309.6551217,26,33
15/05/2021,432.571,55.56,308.4477412,26,33
16/05/2021,413.857,55.56,307.6710039,26,33
17/05/2021,413.714,55.56,306.793191,25,34
18/05/2021,411.857,55.56,306.0053062,25,34
19/05/2021,423.286,55.56,305.2330539,25,34
20/05/2021,428,55.56,304.3988145,25,34
21/05/2021,444.143,55.56,303.5455569,25,34
22/05/2021,433.143,55.56,302.6888642,25,34
23/05/2021,443.429,55.56,301.8171677,25,34
24/05/2021,439.143,55.56,300.8572576,24,36
25/05/2021,437.429,55.56,299.9869329,24,36
26/05/2021,425.857,55.56,299.0863208,24,36
27/05/2021,420.429,55.56,298.2594077,24,36
28/05/2021,410.143,55.56,297.4020548,24,36
29/05/2021,420.429,55.56,296.5221172,24,36
30/05/2021,409,55.56,295.627393,24,36
31/05/2021,412,55.56,294.6452546,19,27
01/06/2021,409.714,55.56,293.7253192,19,27
02/06/2021,404.286,55.56,292.924484,19,27
03/06/2021,409,55.56,292.1123419,19,27
04/06/2021,417,55.56,291.277529,19,27
05/06/2021,411.286,55.56,290.5305459,19,27
06/06/2021,403.571,55.56,289.6883883,19,27
07/06/2021,404.571,50,288.7933957,21,29
08/06/2021,390.571,50,288.005196,21,29
09/06/2021,364.857,50,287.3117814,21,29
10/06/2021,355.286,50,286.6368859,21,29
11/06/2021,327,50,286.0106438,21,29
12/06/2021,329.143,50,285.3345695,21,29
13/06/2021,329.429,50,284.522185,21,29
14/06/2021,304.429,50,283.7777999,26,36
15/06/2021,310.714,50,283.1424208,26,36
16/06/2021,319.286,50,282.6154038,26,36
17/06/2021,315.714,50,282.2261628,26,36
18/06/2021,313.286,50,281.835041,26,36
19/06/2021,307.857,50,281.3708235,26,36
20/06/2021,319,50,280.7852546,26,36
21/06/2021,330.714,50,280.2324145,31,35
22/06/2021,315.143,50,279.8840105,31,35
23/06/2021,316.714,50,279.5410014,31,35
24/06/2021,306.857,50,279.2369178,31,35
25/06/2021,318,50,279.0497666,31,35
26/06/2021,325.143,50,279.1202909,31,35
27/06/2021,317.571,50,279.0529241,31,35
28/06/2021,324,50,278.8001777,31,38
29/06/2021,348,50,278.7972089,31,38
30/06/2021,,50,279.1537802,31,38
01/07/2021,,50,279.3272389,31,38
02/07/2021,,50,279.5479692,31,38
03/07/2021,,50,280.2147966,31,38
04/07/2021,,44.44,281.1479884,31,38
05/07/2021,,44.44,281.6600717,37,45
06/07/2021,,44.44,282.1587093,37,45
07/07/2021,523.286,44.44,283.2181692,37,45
08/07/2021,474.286,44.44,284.482289,37,45
09/07/2021,491.286,44.44,285.6597128,37,45
10/07/2021,510.286,44.44,286.2444805,37,45
11/07/2021,512.286,44.44,287.4131563,37,45
12/07/2021,546.143,44.44,288.2943843,39,56
13/07/2021,573.571,44.44,289.1093311,39,56
14/07/2021,602.714,44.44,290.3774905,39,56
15/07/2021,668.571,44.44,293.2723824,39,56
16/07/2021,745.571,44.44,297.2376532,39,56
17/07/2021,859.286,44.44,301.2649045,39,56
18/07/2021,945.429,44.44,302.1234303,39,56
19/07/2021,1016.714,44.44,307.4860984,36,59
20/07/2021,1091.143,44.44,310.5050693,36,59
21/07/2021,1165.857,44.44,316.5426928,36,59
22/07/2021,1193.571,44.44,320.5826283,36,59
23/07/2021,1224.429,44.44,324.267052,36,59
24/07/2021,1219.857,44.44,328.5974696,36,59
25/07/2021,1212.286,44.44,331.981963,36,59
26/07/2021,1241.571,44.44,333.0918021,31,53
27/07/2021,1242.143,44.44,337.2086842,31,53
28/07/2021,1248,44.44,341.765212,31,53
29/07/2021,1272.714,44.44,345.8361265,31,53
30/07/2021,1289.143,44.44,348.5560435,31,53
31/07/2021,1300.857,44.44,351.5372066,31,53
01/08/2021,1296.857,44.44,354.1274686,31,53
02/08/2021,1307.714,44.44,355.9876957,31,48
03/08/2021,1274.857,44.44,358.5932457,31,48
04/08/2021,1262.857,44.44,361.0365391,31,48
05/08/2021,1281.571,44.44,365.6219881,31,48
06/08/2021,1321.571,44.44,369.4460573,31,48
07/08/2021,1378.857,44.44,372.949113,31,48
08/08/2021,1484.429,44.44,375.6505132,31,48
09/08/2021,1492.857,44.44,377.9900586,29,49
10/08/2021,1582.143,44.44,381.2965307,29,49
11/08/2021,1668.143,44.44,385.1656756,29,49
12/08/2021,1702.571,44.44,389.5268731,29,49
13/08/2021,1730.714,44.44,393.0825763,29,49
14/08/2021,1765.857,44.44,396.793208,29,49
15/08/2021,1754.571,44.44,399.9796269,29,49
16/08/2021,1758.857,44.44,403.1946067,23,49
17/08/2021,1757,44.44,407.3101859,23,49
18/08/2021,1740.571,44.44,410.6319081,23,49
19/08/2021,1752.714,44.44,416.1264652,23,49
20/08/2021,1769.857,44.44,423.1318162,23,49
21/08/2021,1777.143,44.44,427.3327256,23,49
22/08/2021,1767.143,44.44,431.0669156,23,49
23/08/2021,1788.429,44.44,434.2027667,27,49
24/08/2021,1799.143,44.44,438.4810822,27,49
25/08/2021,1848.714,44.44,443.1739854,27,49
26/08/2021,1855.571,44.44,447.0688324,27,49
27/08/2021,1823.714,44.44,452.0895106,27,49
28/08/2021,1805.429,44.44,455.5250865,27,49
29/08/2021,1808,44.44,458.2261916,27,49
30/08/2021,1765.429,44.44,461.0348873,19,53
31/08/2021,1738.429,44.44,464.0207216,19,53
01/09/2021,1701,44.44,467.5504863,19,53
02/09/2021,,44.44,468.6892387,19,53
03/09/2021,,44.44,471.4138782,19,53
04/09/2021,,44.44,476.0971249,19,53
05/09/2021,,44.44,478.7357243,19,53
06/09/2021,,44.44,483.2185954,20,41
07/09/2021,,44.44,487.626547,20,41
08/09/2021,,44.44,490.1421487,20,41
09/09/2021,1385.571,44.44,494.8079126,20,41
10/09/2021,1415.857,44.44,498.9531304,20,41
11/09/2021,1382,44.44,502.1669919,20,41
12/09/2021,1405.714,44.44,504.0028767,20,41
13/09/2021,1368.714,44.44,506.4137506,17,36
14/09/2021,1327.429,44.44,510.169709,17,36
15/09/2021,,44.44,512.9191975,17,36
16/09/2021,,44.44,514.850674,17,36
17/09/2021,,44.44,517.3549934,17,36
18/09/2021,,44.44,519.2716623,17,36
19/09/2021,,44.44,520.5483546,17,36
20/09/2021,,40.74,522.2716893,15,32
21/09/2021,,40.74,524.4187711,15,32
22/09/2021,1690,40.74,526.2639999,15,32
23/09/2021,1345.571,40.74,528.4629852,15,32
24/09/2021,1313.714,40.74,530.1883506,15,32
25/09/2021,1296.429,40.74,532.2158918,15,32
26/09/2021,1330,40.74,533.8914649,15,32
27/09/2021,1314.857,40.74,535.1584464,15,32
28/09/2021,1325.857,40.74,537.0204085,15,32
29/09/2021,1328.429,40.74,539.7040892,15,32
30/09/2021,1316,40.74,541.8388953,15,32
01/10/2021,1300.857,40.74,543.5404509,15,32
02/10/2021,1336.714,40.74,545.0742136,15,32
03/10/2021,1278.429,40.74,546.2598689,15,32
04/10/2021,1256.857,40.74,548.0826721,18,32
05/10/2021,1203.571,40.74,550.3381894,18,32
06/10/2021,1137.143,40.74,553.0277419,18,32
07/10/2021,1128.429,40.74,555.5903504,18,32
08/10/2021,1263.429,40.74,558.0436594,18,32
09/10/2021,1314,40.74,560.4800819,18,32
10/10/2021,1361.571,40.74,562.3658035,18,32
11/10/2021,1427.857,40.74,564.2234054,26,35
12/10/2021,1475.286,40.74,566.6473048,26,35
13/10/2021,1628,40.74,569.7162393,26,35
14/10/2021,1688,40.74,572.206313,26,35
15/10/2021,1674.429,40.74,574.8387227,26,35
16/10/2021,1708.714,40.74,577.0167747,26,35
17/10/2021,1708.143,40.74,578.3331532,26,35
18/10/2021,1739.429,40.74,580.0669081,23,31
19/10/2021,1873.857,40.74,582.7263705,23,31
20/10/2021,1887.571,40.74,585.5641677,23,31
21/10/2021,1944.714,40.74,587.1349863,23,31
22/10/2021,2024.429,37.96,589.7247351,23,31
23/10/2021,2059.714,37.96,592.1961596,23,31
24/10/2021,2109,37.96,593.7751519,23,31
25/10/2021,2147.429,37.96,595.2064069,28,35
26/10/2021,2116.429,37.96,596.9850756,28,35
27/10/2021,2041.714,37.96,599.3179382,28,35
28/10/2021,2123.429,44.44,601.0737194,28,35
29/10/2021,2134.286,44.44,603.4904833,28,35
30/10/2021,2211.286,44.44,605.5151087,28,35
31/10/2021,2245.286,44.44,606.8409935,28,35
01/11/2021,2389.571,44.44,607.9840009,32,33
02/11/2021,2610,44.44,609.6782359,32,33
03/11/2021,2831.429,44.44,610.9675274,32,33
04/11/2021,2892.286,44.44,613.876785,32,33
05/11/2021,3086.857,44.44,615.7151288,32,33
06/11/2021,3189.571,44.44,617.6463392,32,33
07/11/2021,3398.857,44.44,619.0392199,32,33
08/11/2021,3442.571,44.44,620.4032194,47,60
09/11/2021,3672.286,44.44,622.4284374,47,60
10/11/2021,3642.857,44.44,626.2343993,47,60
11/11/2021,3736.143,44.44,629.0166171,47,60
12/11/2021,3961.143,44.44,630.540259,47,60
13/11/2021,4097.857,44.44,634.4483832,47,60
14/11/2021,4151.714,44.44,636.915647,47,60
15/11/2021,4351.286,44.44,639.6388294,46,57
16/11/2021,4219.286,44.44,643.1510536,46,57
17/11/2021,4314.143,44.44,647.1469294,46,57
18/11/2021,4452.571,44.44,650.5735824,46,57
19/11/2021,4117.571,44.44,654.0165892,46,57
20/11/2021,4305.714,44.44,657.9625071,46,57
21/11/2021,4359.429,44.44,660.4372825,46,57
22/11/2021,4512.571,44.44,663.1106681,46,73
23/11/2021,4406,44.44,665.7967277,46,73
24/11/2021,4443,44.44,669.9748557,46,73
25/11/2021,4459.714,44.44,672.8759431,46,73
26/11/2021,4672,44.44,677.2664734,46,73
27/11/2021,4505.143,44.44,679.9191869,46,73
28/11/2021,4441.429,44.44,682.3079074,46,73
29/11/2021,4294.714,44.44,684.8815968,34,59
30/11/2021,4551.429,44.44,687.8434426,34,59
01/12/2021,4537,44.44,692.1322419,34,59
02/12/2021,4450.714,44.44,697.3246737,34,59
03/12/2021,4563.429,44.44,701.301372,34,59
04/12/2021,4682.143,44.44,704.3894709,34,59
05/12/2021,4885.143,44.44,706.7438482,34,59
06/12/2021,4643.429,44.44,709.7875528,46,100
07/12/2021,4658.714,50,712.8948911,46,100
08/12/2021,4706.714,50,716.8909252,46,100
09/12/2021,4684.429,50,720.4984256,46,100
10/12/2021,4497.143,50,724.0495262,46,100
11/12/2021,4266,50,726.4099578,46,100
12/12/2021,4196.143,50,729.0946315,46,100
13/12/2021,4449.286,50,731.3869134,64,74
14/12/2021,4207.286,50,734.1600075,64,74
15/12/2021,4222.143,50,738.798201,64,74
16/12/2021,4241.857,50,743.6827447,64,74
17/12/2021,4170.143,50,747.4081779,64,74
18/12/2021,4645.714,50,751.7316406,64,74
19/12/2021,4711,50,755.1370408,64,74
20/12/2021,4726,52.78,759.668021,100,74
21/12/2021,4925.714,52.78,764.0126994,100,74
22/12/2021,5222.429,52.78,772.0289346,100,74
23/12/2021,5689.571,52.78,780.0017365,100,74
24/12/2021,6773.429,52.78,788.1357931,100,74
25/12/2021,7692.286,52.78,785.5790325,100,74
26/12/2021,8446.571,52.78,783.0319542,100,74
27/12/2021,8724.714,52.78,780.4945129,74,58
28/12/2021,9258.571,52.78,777.9666629,74,58
29/12/2021,10704.429,52.78,849.809477,74,58
30/12/2021,12582,52.78,862.2692041,74,58
31/12/2021,13857.429,52.78,882.8111298,74,58
01/01/2022,15216.857,52.78,879.9580335,74,58
02/01/2022,13730.571,52.78,877.1156722,74,58
03/01/2022,17633.714,52.78,874.2839959,40,44
04/01/2022,19390.286,52.78,969.6284693,40,44
05/01/2022,19565.714,52.78,989.5052557,40,44
06/01/2022,20031.857,52.78,1008.482363,40,44
07/01/2022,20291.286,52.78,1025.993436,40,44
08/01/2022,20697.143,52.78,1033.824301,40,44
09/01/2022,23752,52.78,1042.597797,40,44
10/01/2022,18886.714,52.78,1047.948251,34,56
11/01/2022,22014.857,52.78,1055.574182,34,56
12/01/2022,22479.571,52.78,1061.571478,34,56
13/01/2022,21777.714,52.78,1067.732704,34,56
14/01/2022,21083.286,52.78,1073.787537,34,56
15/01/2022,19430.857,52.78,1078.902274,34,56
16/01/2022,17912.143,52.78,1083.517004,34,56
17/01/2022,18816.286,52.78,1090.604931,21,41
18/01/2022,13468.857,52.78,1100.184467,21,41
19/01/2022,11459.429,52.78,1110.913175,21,41
20/01/2022,9547.857,52.78,1119.771637,21,41
21/01/2022,8052.429,52.78,1127.60256,21,41
22/01/2022,6928.714,23.15,1135.110412,21,41
23/01/2022,6068.429,23.15,1141.258047,21,41
24/01/2022,5691.714,23.15,1150.171215,19,35
25/01/2022,5440.143,23.15,1162.534272,19,35
26/01/2022,5263.286,23.15,1172.809752,19,35
27/01/2022,5226.429,23.15,1182.600937,19,35
28/01/2022,5013.857,23.15,1190.743216,19,35
29/01/2022,4058.286,23.15,1198.387236,19,35
30/01/2022,3382.429,23.15,1204.344099,19,35
31/01/2022,4764,23.15,1213.748471,17,34
01/02/2022,4792.857,23.15,1224.591347,17,34
02/02/2022,4840.714,23.15,1235.861952,17,34
03/02/2022,4954.429,23.15,1245.292403,17,34
04/02/2022,5181.286,23.15,1253.51297,17,34
05/02/2022,5181.286,23.15,1259.696746,17,34
06/02/2022,5181.286,23.15,1264.248863,17,34
07/02/2022,5439.143,23.15,1270.088172,16,33
08/02/2022,5378,23.15,1278.614016,16,33
09/02/2022,5340.429,23.15,1286.722173,16,33
10/02/2022,5281.571,23.15,1294.078585,16,33
11/02/2022,5270.286,23.15,1299.236196,16,33
12/02/2022,5270.286,23.15,1303.457284,16,33
13/02/2022,5270.286,23.15,1306.160478,16,33
14/02/2022,4927,23.15,1309.824558,14,27
15/02/2022,,23.15,1315.125088,14,27
16/02/2022,,23.15,1320.096854,14,27
17/02/2022,,23.15,1325.486369,14,27
18/02/2022,,23.15,1329.095338,14,27
19/02/2022,,23.15,1331.675494,14,27
20/02/2022,,23.15,1333.35715,14,27
21/02/2022,,23.15,1336.198881,14,24
22/02/2022,4288.429,23.15,1341.285988,14,24
23/02/2022,4125.143,23.15,1344.285968,14,24
24/02/2022,3939.857,23.15,1347.879471,14,24
25/02/2022,3869.714,23.15,1350.145007,14,24
26/02/2022,3869.714,23.15,1345.899279,14,24
27/02/2022,3869.714,23.15,1341.668786,14,24
28/02/2022,3377.714,23.15,1353.690546,17,25
01/03/2022,3380.286,23.15,1357.500895,17,25
02/03/2022,3269,23.15,1360.79535,17,25
03/03/2022,3313.857,23.15,1364.081157,17,25
04/03/2022,3269.714,23.15,1366.815772,17,25
05/03/2022,3269.714,23.15,1362.530877,17,25
06/03/2022,3269.714,14.81,1358.261276,17,25
07/03/2022,3167,14.81,1372.07668,17,25
08/03/2022,3318,14.81,1376.13717,17,25
09/03/2022,3083.143,14.81,1380.227013,17,25
10/03/2022,3085.143,14.81,1384.048922,17,25
11/03/2022,3818,14.81,1386.819135,17,25
12/03/2022,3818,14.81,1382.48465,17,25
13/03/2022,3818,14.81,1378.165554,17,25
14/03/2022,4448.857,14.81,1391.109156,17,25