X,Y,VaccinationDate,VaccineText,Dose1,Dose2,SingleDose,Dose1Cum,Dose2Cum,SingleDoseCum,PartiallyVacc,FullyVacc,PartialPercent,FullyPercent,ObjectId
-856336.314876336,7036491.65084485,2021/04/10 23:00:00+00,Sun 11 Apr 2021,2817,339,2,785479,335134,141,785620,335275,16.6837017592405,7.12001744778565,1
-856336.314876336,7036491.65084485,2021/04/11 23:00:00+00,Mon 12 Apr 2021,7715,2763,6,793194,337897,147,793341,338044,16.8476676222317,7.17882090260012,2
-856336.314876336,7036491.65084485,2021/04/12 23:00:00+00,Tue 13 Apr 2021,11445,8566,1,804639,346463,148,804787,346611,17.0907388912119,7.36075271819979,3
-856336.314876336,7036491.65084485,2021/04/13 23:00:00+00,Wed 14 Apr 2021,20297,6564,2,824936,353027,150,825086,353177,17.5218155720638,7.50019059624664,4
-856336.314876336,7036491.65084485,2021/04/14 23:00:00+00,Thu 15 Apr 2021,27059,10764,1,851995,363791,151,852146,363942,18.0964712193297,7.72879991046755,5
-856336.314876336,7036491.65084485,2021/04/15 23:00:00+00,Fri 16 Apr 2021,27913,9799,1,879908,373590,152,880060,373742,18.6892627100089,7.93691614635838,6
-856336.314876336,7036491.65084485,2021/04/16 23:00:00+00,Sat 17 Apr 2021,15799,4525,1,895707,378115,153,895860,378268,19.0247970495064,8.03303186917898,7
-856336.314876336,7036491.65084485,2021/04/17 23:00:00+00,Sun 18 Apr 2021,1034,456,0,896741,378571,153,896894,378724,19.0467554360279,8.04271564505309,8
-856336.314876336,7036491.65084485,2021/04/18 23:00:00+00,Mon 19 Apr 2021,6694,2221,0,903435,380792,153,903588,380945,19.1889115669517,8.08988157973814,9
-856336.314876336,7036491.65084485,2021/04/19 23:00:00+00,Tue 20 Apr 2021,15018,7266,1,918453,388058,154,918607,388212,19.5078603166297,8.24420613955638,10
-856336.314876336,7036491.65084485,2021/04/20 23:00:00+00,Wed 21 Apr 2021,26638,9825,2,945091,397883,156,945247,398039,20.0735966966432,8.45289575691344,11
-856336.314876336,7036491.65084485,2021/04/21 23:00:00+00,Thu 22 Apr 2021,31566,12147,0,976657,410030,156,976813,410186,20.7439433397177,8.71085370766507,12
-856336.314876336,7036491.65084485,2021/04/22 23:00:00+00,Fri 23 Apr 2021,33530,12338,0,1010187,422368,156,1010343,422524,21.4559981753728,8.97286780138151,13
-856336.314876336,7036491.65084485,2021/04/23 23:00:00+00,Sat 24 Apr 2021,23621,6968,0,1033808,429336,156,1033964,429492,21.9576220129215,9.12084269237001,14
-856336.314876336,7036491.65084485,2021/04/24 23:00:00+00,Sun 25 Apr 2021,9703,275,2,1043511,429611,158,1043669,429769,22.1637207955052,9.12672516148652,15
-856336.314876336,7036491.65084485,2021/04/25 23:00:00+00,Mon 26 Apr 2021,15514,3010,1,1059025,432621,159,1059184,432780,22.4932027750814,9.19066781314645,16
-856336.314876336,7036491.65084485,2021/04/26 23:00:00+00,Tue 27 Apr 2021,25854,7766,5,1084879,440387,164,1085043,440551,23.0423535652753,9.35569549366764,17
-856336.314876336,7036491.65084485,2021/04/27 23:00:00+00,Wed 28 Apr 2021,25968,8554,4,1110847,448941,168,1111015,449109,23.5939040630873,9.5374361821119,18
-856336.314876336,7036491.65084485,2021/04/28 23:00:00+00,Thu 29 Apr 2021,31632,11297,2,1142479,460238,170,1142649,460408,24.2656947780026,9.77738570755379,19
-856336.314876336,7036491.65084485,2021/04/29 23:00:00+00,Fri 30 Apr 2021,36044,13489,4,1178523,473727,174,1178697,473901,25.0312227444713,10.0639277862145,20
-856336.314876336,7036491.65084485,2021/04/30 23:00:00+00,Sat 01 May 2021,16484,6649,12,1195007,480376,186,1195193,480562,25.3815375839871,10.2053831175685,21
-856336.314876336,7036491.65084485,2021/05/01 23:00:00+00,Sun 02 May 2021,12383,887,8,1207390,481263,194,1207584,481457,25.6446772042854,10.2243896513565,22
-856336.314876336,7036491.65084485,2021/05/02 23:00:00+00,Mon 03 May 2021,14188,893,12,1221578,482156,206,1221784,482362,25.9462333828211,10.2436085486505,23
-856336.314876336,7036491.65084485,2021/05/03 23:00:00+00,Tue 04 May 2021,26559,6746,6,1248137,488902,212,1248349,489114,26.5103770365395,10.3869963879091,24
-856336.314876336,7036491.65084485,2021/05/04 23:00:00+00,Wed 05 May 2021,31995,13396,66,1280132,502298,278,1280410,502576,27.1912356731615,10.6728801397012,25
-856336.314876336,7036491.65084485,2021/05/05 23:00:00+00,Thu 06 May 2021,37191,14337,126,1317323,516635,404,1317727,517039,27.983712568543,10.980021478445,26
-856336.314876336,7036491.65084485,2021/05/06 23:00:00+00,Fri 07 May 2021,40492,15026,90,1357815,531661,494,1358309,532155,28.845526148637,11.3010301541313,27
-856336.314876336,7036491.65084485,2021/05/07 23:00:00+00,Sat 08 May 2021,25529,7000,9,1383344,538661,503,1383847,539164,29.3878600702881,11.4498757354945,28
-856336.314876336,7036491.65084485,2021/05/08 23:00:00+00,Sun 09 May 2021,19613,897,1,1402957,539558,504,1403461,540062,29.8043898509782,11.4689459783343,29
-856336.314876336,7036491.65084485,2021/05/09 23:00:00+00,Mon 10 May 2021,28730,4588,167,1431687,544146,671,1432358,544817,30.4180566742983,11.5699248254425,30
-856336.314876336,7036491.65084485,2021/05/10 23:00:00+00,Tue 11 May 2021,33838,14769,147,1465525,558915,818,1466343,559733,31.1397740494769,11.8866862310086,31
-856336.314876336,7036491.65084485,2021/05/11 23:00:00+00,Wed 12 May 2021,31180,20892,154,1496705,579807,972,1497677,580779,31.8051938592119,12.3336264657595,32
-856336.314876336,7036491.65084485,2021/05/12 23:00:00+00,Thu 13 May 2021,35891,25437,144,1532596,605244,1116,1533712,606360,32.5704457531227,12.8768735504863,33
-856336.314876336,7036491.65084485,2021/05/13 23:00:00+00,Fri 14 May 2021,38099,27925,228,1570695,633169,1344,1572039,634513,33.3843713626113,13.4747405289593,34
-856336.314876336,7036491.65084485,2021/05/14 23:00:00+00,Sat 15 May 2021,28748,12409,8,1599443,645578,1352,1600795,646930,33.9950438604967,13.7384322943732,35
-856336.314876336,7036491.65084485,2021/05/15 23:00:00+00,Sun 16 May 2021,23092,1139,5,1622535,646717,1357,1623892,648074,34.4855398503304,13.7627266794609,36
-856336.314876336,7036491.65084485,2021/05/16 23:00:00+00,Mon 17 May 2021,35305,3904,110,1657840,650621,1467,1659307,652088,35.2376252068686,13.8479693907737,37
-856336.314876336,7036491.65084485,2021/05/17 23:00:00+00,Tue 18 May 2021,38954,12439,118,1696794,663060,1585,1698379,664645,36.067371897555,14.1146342452718,38
-856336.314876336,7036491.65084485,2021/05/18 23:00:00+00,Wed 19 May 2021,36918,17551,197,1733712,680611,1782,1735494,682393,36.855559050115,14.4915369957402,39
-856336.314876336,7036491.65084485,2021/05/19 23:00:00+00,Thu 20 May 2021,38966,19628,120,1772678,700239,1902,1774580,702141,37.6856030497098,14.9109124474108,40
-856336.314876336,7036491.65084485,2021/11/05 00:00:00+00,Fri 05 Nov 2021,1628,1018,1,3609166,3543495,238496,3847662,3781991,81.7102992265509,80.3156868462257,41
-856336.314876336,7036491.65084485,2021/05/20 23:00:00+00,Fri 21 May 2021,25727,23188,14920,1798405,723427,16822,1815227,740249,38.548796992593,15.7201872961178,42
-856336.314876336,7036491.65084485,2021/05/21 23:00:00+00,Sat 22 May 2021,16507,10225,13508,1814912,733652,30330,1845242,763982,39.1862060558852,16.2241896049338,43
-856336.314876336,7036491.65084485,2021/11/06 00:00:00+00,Sat 06 Nov 2021,1820,1322,5,3610986,3544817,238501,3849487,3783318,81.7490555663979,80.3438674834733,44
-856336.314876336,7036491.65084485,2021/05/22 23:00:00+00,Sun 23 May 2021,8147,5503,10200,1823059,739155,40530,1863589,779685,39.5758293803636,16.557664018423,45
-856336.314876336,7036491.65084485,2021/11/07 00:00:00+00,Sun 07 Nov 2021,726,765,0,3611712,3545582,238501,3850213,3784083,81.7644731569343,80.3601132916832,46
-856336.314876336,7036491.65084485,2021/05/23 23:00:00+00,Mon 24 May 2021,22431,8170,8438,1845490,747325,48968,1894458,796293,40.2313742870692,16.9103573292061,47
-856336.314876336,7036491.65084485,2021/11/08 00:00:00+00,Mon 08 Nov 2021,509,493,1,3612221,3546075,238502,3850723,3784577,81.7753036957409,80.3706040488801,48
-856336.314876336,7036491.65084485,2021/05/24 23:00:00+00,Tue 25 May 2021,30199,16452,3215,1875689,763777,52183,1927872,815960,40.9409657060545,17.3280126364781,49
-856336.314876336,7036491.65084485,2021/11/09 00:00:00+00,Tue 09 Nov 2021,1382,1000,1,3613603,3547075,238503,3852106,3785578,81.8046735686222,80.3918616358318,50
-856336.314876336,7036491.65084485,2021/11/10 00:00:00+00,Wed 10 Nov 2021,1627,1301,0,3615230,3548376,238503,3853733,3786879,81.8392251110502,80.4194901279639,51
-856336.314876336,7036491.65084485,2021/11/11 00:00:00+00,Thu 11 Nov 2021,1399,1055,1,3616629,3549431,238504,3855133,3787935,81.8689560018917,80.4419157141986,52
-856336.314876336,7036491.65084485,2021/11/12 00:00:00+00,Fri 12 Nov 2021,1160,1083,5,3617789,3550514,238509,3856298,3789023,81.893696350342,80.4650208636527,53
-856336.314876336,7036491.65084485,2021/11/13 00:00:00+00,Sat 13 Nov 2021,1416,1333,0,3619205,3551847,238509,3857714,3790356,81.9237670227932,80.4933289190039,54
-856336.314876336,7036491.65084485,2021/11/14 00:00:00+00,Sun 14 Nov 2021,1650,1798,0,3620855,3553645,238509,3859364,3792154,81.958807001285,80.5315118773847,55
-856336.314876336,7036491.65084485,2021/11/15 00:00:00+00,Mon 15 Nov 2021,1246,549,0,3622101,3554194,238509,3860610,3792703,81.985267494134,80.5431706338647,56
-856336.314876336,7036491.65084485,2021/11/16 00:00:00+00,Tue 16 Nov 2021,1319,1027,4,3623420,3555221,238513,3861933,3793734,82.0133631859792,80.5650653113345,57
-856336.314876336,7036491.65084485,2021/11/17 00:00:00+00,Wed 17 Nov 2021,1521,1060,0,3624941,3556281,238513,3863454,3794794,82.0456636752435,80.5875758429716,58
-856336.314876336,7036491.65084485,2021/11/18 00:00:00+00,Thu 18 Nov 2021,1671,2429,5,3626612,3558710,238518,3865130,3797228,82.081255798851,80.6392651203347,59
-856336.314876336,7036491.65084485,2021/11/19 00:00:00+00,Fri 19 Nov 2021,1185,1466,0,3627797,3560176,238518,3866315,3798694,82.1064208743133,80.6703976103159,60
-856336.314876336,7036491.65084485,2021/11/20 00:00:00+00,Sat 20 Nov 2021,1539,2908,10,3629336,3563084,238528,3867864,3801612,82.1393159813944,80.73236528137,61
-856336.314876336,7036491.65084485,2021/11/21 00:00:00+00,Sun 21 Nov 2021,1786,2752,0,3631122,3565836,238528,3869650,3804364,82.177244103568,80.7908077182242,62
-856336.314876336,7036491.65084485,2021/11/22 00:00:00+00,Mon 22 Nov 2021,714,468,2,3631836,3566304,238530,3870366,3804834,82.1924493305984,80.8007888030067,63
-856336.314876336,7036491.65084485,2021/11/23 00:00:00+00,Tue 23 Nov 2021,2166,1540,4,3634002,3567844,238534,3872536,3806378,82.2385322114028,80.8335777283348,64
-856336.314876336,7036491.65084485,2021/11/24 00:00:00+00,Wed 24 Nov 2021,1623,3092,1,3635625,3570936,238535,3874160,3809471,82.273020044779,80.8992617607441,65
-856336.314876336,7036491.65084485,2021/11/25 00:00:00+00,Thu 25 Nov 2021,1010,1120,1,3636635,3572056,238536,3875171,3810592,82.2944899952367,80.9230677097679,66
-856336.314876336,7036491.65084485,2021/11/26 00:00:00+00,Fri 26 Nov 2021,1293,1067,12,3637928,3573123,238548,3876476,3811671,82.3222034327711,80.9459817320665,67
-856336.314876336,7036491.65084485,2021/11/27 00:00:00+00,Sat 27 Nov 2021,1232,1528,5,3639160,3574651,238553,3877713,3813204,82.3484727984647,80.978537057538,68
-856336.314876336,7036491.65084485,2021/11/28 00:00:00+00,Sun 28 Nov 2021,1968,2247,0,3641128,3576898,238553,3879681,3815451,82.3902659364477,81.0262551373387,69
-856336.314876336,7036491.65084485,2021/11/29 00:00:00+00,Mon 29 Nov 2021,549,963,1,3641677,3577861,238554,3880231,3816415,82.4019459292783,81.0467269793181,70
-856336.314876336,7036491.65084485,2021/11/30 00:00:00+00,Tue 30 Nov 2021,1932,1594,6,3643609,3579455,238560,3882169,3818015,82.4431019767432,81.0807051402799,71
-856336.314876336,7036491.65084485,2021/12/01 00:00:00+00,Wed 01 Dec 2021,1097,1330,1,3644706,3580785,238561,3883267,3819346,82.4664194897032,81.10897072293,72
-856336.314876336,7036491.65084485,2021/12/02 00:00:00+00,Thu 02 Dec 2021,1788,1371,0,3646494,3582156,238561,3885055,3820717,82.504390084578,81.1380857596041,73
-856336.314876336,7036491.65084485,2021/12/03 00:00:00+00,Fri 03 Dec 2021,1047,1137,3,3647541,3583293,238564,3886105,3821857,82.5266882527092,81.1622951992893,74
-856336.314876336,7036491.65084485,2021/12/04 00:00:00+00,Sat 04 Dec 2021,1204,1674,0,3648745,3584967,238564,3887309,3823531,82.5522568188329,81.1978448501956,75
-856336.314876336,7036491.65084485,2021/12/05 00:00:00+00,Sun 05 Dec 2021,1349,1768,0,3650094,3586735,238564,3888658,3825299,82.5809046557938,81.2353907180584,76
-856336.314876336,7036491.65084485,2021/12/06 00:00:00+00,Mon 06 Dec 2021,939,1257,0,3651033,3587992,238564,3889597,3826556,82.6008455890082,81.262084810764,77
-856336.314876336,7036491.65084485,2021/12/07 00:00:00+00,Tue 07 Dec 2021,485,707,1,3651518,3588699,238565,3890083,3827264,82.6111664554004,81.2771201469895,78
-856336.314876336,7036491.65084485,2021/12/08 00:00:00+00,Wed 08 Dec 2021,816,1445,0,3652334,3590144,238565,3890899,3828709,82.6284953174909,81.3078066736081,79
-856336.314876336,7036491.65084485,2021/12/09 00:00:00+00,Thu 09 Dec 2021,794,1157,0,3653128,3591301,238565,3891693,3829866,82.6453569798682,81.3323771312536,80
-856336.314876336,7036491.65084485,2021/12/10 00:00:00+00,Fri 10 Dec 2021,889,1557,1,3654017,3592858,238566,3892583,3831424,82.6642573319031,81.3654633654901,81
-856336.314876336,7036491.65084485,2021/12/11 00:00:00+00,Sat 11 Dec 2021,641,827,0,3654658,3593685,238566,3893224,3832251,82.6778698326384,81.3830258274372,82
-856336.314876336,7036491.65084485,2021/12/12 00:00:00+00,Sun 12 Dec 2021,691,1190,0,3655349,3594875,238566,3893915,3833441,82.6925441509038,81.4082970846525,83
-856336.314876336,7036491.65084485,2021/12/13 00:00:00+00,Mon 13 Dec 2021,716,1034,0,3656065,3595909,238566,3894631,3834475,82.7077493779342,81.4302554711741,84
-856336.314876336,7036491.65084485,2021/12/14 00:00:00+00,Tue 14 Dec 2021,627,1145,1,3656692,3597054,238567,3895259,3835621,82.7210858061117,81.454592328963,85
-856336.314876336,7036491.65084485,2021/12/15 00:00:00+00,Wed 15 Dec 2021,791,1181,1,3657483,3598235,238568,3896051,3836803,82.7379049957878,81.4796936953735,86
-856336.314876336,7036491.65084485,2021/12/16 00:00:00+00,Thu 16 Dec 2021,1060,1445,7,3658543,3599680,238575,3897118,3838255,82.7605641818791,81.5105288764463,87
-856336.314876336,7036491.65084485,2021/12/17 00:00:00+00,Fri 17 Dec 2021,1205,2382,1,3659748,3602062,238576,3898324,3840638,82.7861752207041,81.5611350999287,88
-856336.314876336,7036491.65084485,2021/12/18 00:00:00+00,Sat 18 Dec 2021,1268,1151,0,3661016,3603213,238576,3899592,3841789,82.8131029132663,81.5855781394706,89
-856336.314876336,7036491.65084485,2021/12/19 00:00:00+00,Sun 19 Dec 2021,558,863,0,3661574,3604076,238576,3900150,3842652,82.8249527969017,81.6039051100393,90
-856336.314876336,7036491.65084485,2021/12/20 00:00:00+00,Mon 20 Dec 2021,546,538,0,3662120,3604614,238576,3900696,3843190,82.8365478443299,81.6153302666627,91
-856336.314876336,7036491.65084485,2021/12/21 00:00:00+00,Tue 21 Dec 2021,1472,1726,2,3663592,3606340,238578,3902170,3844918,82.8678502251159,81.6520266805015,92
-856336.314876336,7036491.65084485,2021/12/22 00:00:00+00,Wed 22 Dec 2021,1258,1483,2,3664850,3607823,238580,3903430,3846403,82.8946080268733,81.6835626611441,93
-856336.314876336,7036491.65084485,2021/12/23 00:00:00+00,Thu 23 Dec 2021,964,1269,0,3665814,3609092,238580,3904394,3847672,82.9150798688528,81.7105115900569,94
-856336.314876336,7036491.65084485,2021/12/24 00:00:00+00,Fri 24 Dec 2021,101,124,0,3665915,3609216,238580,3904495,3847796,82.9172247402635,81.7131448975314,95
-856336.314876336,7036491.65084485,2021/12/25 00:00:00+00,Sat 25 Dec 2021,1,0,0,3665916,3609216,238580,3904496,3847796,82.9172459766141,81.7131448975314,96
-856336.314876336,7036491.65084485,2021/12/26 00:00:00+00,Sun 26 Dec 2021,8,7,0,3665924,3609223,238580,3904504,3847803,82.9174158674189,81.7132935519856,97
-856336.314876336,7036491.65084485,2021/12/27 00:00:00+00,Mon 27 Dec 2021,388,580,0,3666312,3609803,238580,3904892,3848383,82.9256555714521,81.7256106353343,98
-856336.314876336,7036491.65084485,2021/12/28 00:00:00+00,Tue 28 Dec 2021,457,728,0,3666769,3610531,238580,3905349,3849111,82.9353605836769,81.7410706985719,99
-856336.314876336,7036491.65084485,2021/12/29 00:00:00+00,Wed 29 Dec 2021,1087,1242,0,3667856,3611773,238580,3906436,3850353,82.9584444967802,81.7674462460185,100
-856336.314876336,7036491.65084485,2021/12/30 00:00:00+00,Thu 30 Dec 2021,1055,1135,1,3668911,3612908,238581,3907492,3851489,82.980870083015,81.7915707403013,101
-856336.314876336,7036491.65084485,2021/12/31 00:00:00+00,Fri 31 Dec 2021,721,1652,0,3669632,3614560,238581,3908213,3853141,82.9961814917984,81.8266531914943,102
-856336.314876336,7036491.65084485,2022/01/01 00:00:00+00,Sat 01 Jan 2022,66,96,0,3669698,3614656,238581,3908279,3853237,82.9975830909381,81.828691881152,103
-856336.314876336,7036491.65084485,2022/01/02 00:00:00+00,Sun 02 Jan 2022,270,618,0,3669968,3615274,238581,3908549,3853855,83.0033169056004,81.8418159458235,104
-856336.314876336,7036491.65084485,2022/01/03 00:00:00+00,Mon 03 Jan 2022,3629,706,0,3673597,3615980,238581,3912178,3854561,83.0803836219318,81.8568088093479,105
-856336.314876336,7036491.65084485,2022/01/04 00:00:00+00,Tue 04 Jan 2022,1182,722,0,3674779,3616702,238581,3913360,3855283,83.1054849883423,81.8721414544819,106
-856336.314876336,7036491.65084485,2022/01/05 00:00:00+00,Wed 05 Jan 2022,2146,816,0,3676925,3617518,238581,3915506,3856099,83.1510581967323,81.8894703165724,107
-856336.314876336,7036491.65084485,2022/01/06 00:00:00+00,Thu 06 Jan 2022,2460,1597,0,3679385,3619115,238581,3917966,3857696,83.203299619211,81.9233847684824,108
-856336.314876336,7036491.65084485,2022/01/07 00:00:00+00,Fri 07 Jan 2022,4835,704,0,3684220,3619819,238581,3922801,3858400,83.3059773743673,81.9383351593055,109
-856336.314876336,7036491.65084485,2022/01/08 00:00:00+00,Sat 08 Jan 2022,9785,700,1,3694005,3620519,238582,3932587,3859101,83.5137963013498,81.9532218410769,110
-856336.314876336,7036491.65084485,2022/01/09 00:00:00+00,Sun 09 Jan 2022,7113,658,0,3701118,3621177,238582,3939700,3859759,83.6648504631754,81.9671953597724,111
-856336.314876336,7036491.65084485,2022/01/10 00:00:00+00,Mon 10 Jan 2022,6651,445,0,3707769,3621622,238582,3946351,3860204,83.8060934310234,81.9766455357899,112
-856336.314876336,7036491.65084485,2022/01/11 00:00:00+00,Tue 11 Jan 2022,4764,1275,1,3712533,3622897,238583,3951116,3861480,83.9072846416376,82.003743119157,113
-856336.314876336,7036491.65084485,2022/01/12 00:00:00+00,Wed 12 Jan 2022,7544,801,1,3720077,3623698,238584,3958661,3862282,84.067512906923,82.020774672339,114
-856336.314876336,7036491.65084485,2022/01/13 00:00:00+00,Thu 13 Jan 2022,7308,711,0,3727385,3624409,238584,3965969,3862993,84.2227081571159,82.0358737176164,115
-856336.314876336,7036491.65084485,2022/01/14 00:00:00+00,Fri 14 Jan 2022,10725,730,0,3738110,3625139,238584,3976694,3863723,84.4504680173127,82.0513762535552,116
-856336.314876336,7036491.65084485,2022/01/15 00:00:00+00,Sat 15 Jan 2022,8348,621,0,3746458,3625760,238584,3985042,3864344,84.6277490721308,82.0645640272785,117
-856336.314876336,7036491.65084485,2022/01/16 00:00:00+00,Sun 16 Jan 2022,6968,1207,1,3753426,3626967,238585,3992011,3865552,84.7757451994699,82.0902175388047,118
-856336.314876336,7036491.65084485,2022/01/17 00:00:00+00,Mon 17 Jan 2022,2552,507,0,3755978,3627474,238585,3994563,3866059,84.8299403662039,82.1009843685594,119
-856336.314876336,7036491.65084485,2022/01/18 00:00:00+00,Tue 18 Jan 2022,4047,384,3,3760025,3627858,238588,3998613,3866446,84.9159475861384,82.109202836242,120
-856336.314876336,7036491.65084485,2022/01/19 00:00:00+00,Wed 19 Jan 2022,3478,550,0,3763503,3628408,238588,4002091,3866996,84.989807613529,82.1208828290727,121
-856336.314876336,7036491.65084485,2022/01/20 00:00:00+00,Thu 20 Jan 2022,3682,868,0,3767185,3629276,238588,4005773,3867864,85.0679998564423,82.1393159813944,122
-856336.314876336,7036491.65084485,2022/01/21 00:00:00+00,Fri 21 Jan 2022,3244,931,0,3770429,3630207,238588,4009017,3868795,85.1368905777923,82.159087023804,123
-856336.314876336,7036491.65084485,2022/01/22 00:00:00+00,Sat 22 Jan 2022,4269,610,0,3774698,3630817,238588,4013286,3869405,85.2275485585084,82.1720411976707,124
-856336.314876336,7036491.65084485,2022/01/23 00:00:00+00,Sun 23 Jan 2022,3090,677,0,3777788,3631494,238588,4016376,3870082,85.2931688818658,82.1864182070277,125
-856336.314876336,7036491.65084485,2022/01/24 00:00:00+00,Mon 24 Jan 2022,636,433,0,3778424,3631927,238588,4017012,3870515,85.3066752008481,82.1956135468379,126
-856336.314876336,7036491.65084485,2022/01/25 00:00:00+00,Tue 25 Jan 2022,693,1796,0,3779117,3633723,238588,4017705,3872311,85.3213919918147,82.2337540325175,127
-856336.314876336,7036491.65084485,2022/01/26 00:00:00+00,Wed 26 Jan 2022,694,846,0,3779811,3634569,238588,4018399,3873157,85.3361300191318,82.2517199851261,128
-856336.314876336,7036491.65084485,2022/01/27 00:00:00+00,Thu 27 Jan 2022,1270,1128,0,3781081,3635697,238588,4019669,3874285,85.3631001843952,82.2756745886041,129
-856336.314876336,7036491.65084485,2022/01/28 00:00:00+00,Fri 28 Jan 2022,1017,3037,0,3782098,3638734,238588,4020686,3877322,85.3846975529566,82.3401693853797,130
-856336.314876336,7036491.65084485,2022/01/29 00:00:00+00,Sat 29 Jan 2022,2325,3420,0,3784423,3642154,238588,4023011,3880742,85.4340720681041,82.4127977044354,131
-856336.314876336,7036491.65084485,2022/01/30 00:00:00+00,Sun 30 Jan 2022,1634,7532,0,3786057,3649686,238588,4024645,3888274,85.4687722649863,82.572749897163,132
-856336.314876336,7036491.65084485,2022/01/31 00:00:00+00,Mon 31 Jan 2022,471,1354,1,3786528,3651040,238589,4025117,3889629,85.4787958224701,82.6015251522275,133
-856336.314876336,7036491.65084485,2022/02/01 00:00:00+00,Tue 01 Feb 2022,742,3375,1,3787270,3654415,238590,4025860,3893005,85.4945744309667,82.6732190718568,134
-856336.314876336,7036491.65084485,2022/02/02 00:00:00+00,Wed 02 Feb 2022,640,2943,0,3787910,3657358,238590,4026500,3895948,85.5081656953514,82.7357176516759,135
-856336.314876336,7036491.65084485,2022/02/03 00:00:00+00,Thu 03 Feb 2022,909,2377,1,3788819,3659735,238591,4027410,3898326,85.5274907743984,82.7862176934053,136
-856336.314876336,7036491.65084485,2022/02/04 00:00:00+00,Fri 04 Feb 2022,1161,6437,0,3789980,3666172,238591,4028571,3904763,85.5521461774463,82.9229160822246,137
-856336.314876336,7036491.65084485,2022/02/05 00:00:00+00,Sat 05 Feb 2022,1775,5723,0,3791755,3671895,238591,4030346,3910486,85.5898406997632,83.0444517167147,138
-856336.314876336,7036491.65084485,2022/02/06 00:00:00+00,Sun 06 Feb 2022,1406,7556,0,3793161,3679451,238591,4031752,3918042,85.6196990087084,83.2049135818567,139
-856336.314876336,7036491.65084485,2022/02/07 00:00:00+00,Mon 07 Feb 2022,433,1312,0,3793594,3680763,238591,4032185,3919354,85.6288943485187,83.2327756738453,140
-856336.314876336,7036491.65084485,2022/02/08 00:00:00+00,Tue 08 Feb 2022,894,1193,0,3794488,3681956,238591,4033079,3920547,85.6478796459561,83.2581106401124,141
-856336.314876336,7036491.65084485,2022/02/09 00:00:00+00,Wed 09 Feb 2022,1331,1689,0,3795819,3683645,238591,4034410,3922236,85.6761452286061,83.2939788362777,142
-856336.314876336,7036491.65084485,2022/02/10 00:00:00+00,Thu 10 Feb 2022,680,2477,0,3796499,3686122,238591,4035090,3924713,85.6905859470149,83.3465812767167,143
-856336.314876336,7036491.65084485,2022/02/11 00:00:00+00,Fri 11 Feb 2022,551,4844,0,3797050,3690966,238591,4035641,3929557,85.7022871761961,83.4494501590284,144
-856336.314876336,7036491.65084485,2022/02/12 00:00:00+00,Sat 12 Feb 2022,1393,5424,0,3798443,3696390,238591,4037034,3934981,85.7318694125834,83.5646361246888,145
-856336.314876336,7036491.65084485,2022/02/13 00:00:00+00,Sun 13 Feb 2022,1564,4703,0,3800007,3701093,238591,4038598,3939684,85.7650830649236,83.6645106815658,146
-856336.314876336,7036491.65084485,2022/02/14 00:00:00+00,Mon 14 Feb 2022,159,906,1,3800166,3701999,238592,4038758,3940591,85.7684808810197,83.683772051561,147
-856336.314876336,7036491.65084485,2020/12/28 00:00:00+00,Mon 28 Dec 2020,166,28,4,166,28,4,170,32,0.00361017960218794,0.000679563219235377,148
-856336.314876336,7036491.65084485,2021/05/25 23:00:00+00,Wed 26 May 2021,19831,25370,3039,1895520,789147,55222,1950742,844369,41.4266410443018,17.9313161207049,149
-856336.314876336,7036491.65084485,2021/05/26 23:00:00+00,Thu 27 May 2021,16889,35940,545,1912409,825087,55767,1968176,880854,41.7968755806815,18.7061243723862,150
-856336.314876336,7036491.65084485,2021/05/27 23:00:00+00,Fri 28 May 2021,26896,31769,1540,1939305,856856,57307,1996612,914163,42.4007524463745,19.4134859745584,151
-856336.314876336,7036491.65084485,2021/05/28 23:00:00+00,Sat 29 May 2021,24371,7355,518,1963676,864211,57825,2021501,922036,42.9293039764854,19.5806797628409,152
-856336.314876336,7036491.65084485,2021/05/29 23:00:00+00,Sun 30 May 2021,24161,1646,201,1987837,865857,58026,2045863,923883,43.4466639498295,19.6199033024012,153
-856336.314876336,7036491.65084485,2020/12/29 00:00:00+00,Tue 29 Dec 2020,71,1,0,237,29,4,241,33,0.00511796049486643,0.000700799569836482,154
-856336.314876336,7036491.65084485,2021/05/30 23:00:00+00,Mon 31 May 2021,22442,7280,3426,2010279,873137,61452,2071731,934589,43.9960058671789,19.8472596719366,155
-856336.314876336,7036491.65084485,2020/12/30 00:00:00+00,Wed 30 Dec 2020,1052,0,0,1289,29,4,1293,33,0.0274586013272294,0.000700799569836482,156
-856336.314876336,7036491.65084485,2021/05/31 23:00:00+00,Tue 01 Jun 2021,27375,11440,3631,2037654,884577,65083,2102737,949660,44.6544601539168,20.1673127118459,157
-856336.314876336,7036491.65084485,2020/12/31 00:00:00+00,Thu 31 Dec 2020,1026,1,0,2315,30,4,2319,34,0.0492470970439637,0.000722035920437588,158
-856336.314876336,7036491.65084485,2021/06/01 23:00:00+00,Wed 02 Jun 2021,18546,20830,3987,2056200,905407,69070,2125270,974477,45.1329788420115,20.6943352247135,159
-856336.314876336,7036491.65084485,2021/01/01 00:00:00+00,Fri 01 Jan 2021,806,0,0,3121,30,4,3125,34,0.0663635956284548,0.000722035920437588,160
-856336.314876336,7036491.65084485,2021/06/02 23:00:00+00,Thu 03 Jun 2021,16549,30643,1965,2072749,936050,71035,2143784,1007085,45.5261486370404,21.3868101451144,161
-856336.314876336,7036491.65084485,2021/01/02 00:00:00+00,Sat 02 Jan 2021,1014,0,0,4135,30,4,4139,34,0.0878972551379758,0.000722035920437588,162
-856336.314876336,7036491.65084485,2021/06/03 23:00:00+00,Fri 04 Jun 2021,28897,23287,134,2101646,959337,71169,2172815,1030506,46.1426611313411,21.8841867125428,163
-856336.314876336,7036491.65084485,2021/01/03 00:00:00+00,Sun 03 Jan 2021,18,2,0,4153,32,4,4157,36,0.0882795094487957,0.000764508621639799,164
-856336.314876336,7036491.65084485,2021/06/04 23:00:00+00,Sat 05 Jun 2021,20826,11424,21,2122472,970761,71190,2193662,1041951,46.5853753323223,22.1272367451725,165
-856336.314876336,7036491.65084485,2021/01/04 00:00:00+00,Mon 04 Jan 2021,1185,3,0,5338,35,4,5342,39,0.113444584911106,0.000828217673443115,166
-856336.314876336,7036491.65084485,2021/06/05 23:00:00+00,Sun 06 Jun 2021,19832,3851,29,2142304,974612,71219,2213523,1045831,47.0071504916109,22.2096337855048,167
-856336.314876336,7036491.65084485,2021/01/05 00:00:00+00,Tue 05 Jan 2021,3510,5,0,8848,40,4,8852,44,0.187984175520986,0.000934399426448643,168
-856336.314876336,7036491.65084485,2021/06/06 23:00:00+00,Mon 07 Jun 2021,19670,4496,26,2161974,979108,71245,2233219,1050353,47.4254216530503,22.305664562923,169
-856336.314876336,7036491.65084485,2021/01/06 00:00:00+00,Wed 06 Jan 2021,6758,6,0,15606,46,4,15610,50,0.331499432883257,0.00106181753005528,170
-856336.314876336,7036491.65084485,2021/06/07 23:00:00+00,Tue 08 Jun 2021,26289,18257,31,2188263,997365,71276,2259539,1068641,47.9843624008714,22.694034942716,171
-856336.314876336,7036491.65084485,2021/01/07 00:00:00+00,Thu 07 Jan 2021,11709,9,0,27315,55,4,27319,59,0.580155862071602,0.00125294468546523,172
-856336.314876336,7036491.65084485,2021/06/08 23:00:00+00,Wed 09 Jun 2021,32648,20031,160,2220911,1017396,71436,2292347,1088832,48.6810845913924,23.1228180977029,173
-856336.314876336,7036491.65084485,2021/01/08 00:00:00+00,Fri 08 Jan 2021,12665,5,0,39980,60,4,39984,64,0.849114242434603,0.00135912643847075,174
-856336.314876336,7036491.65084485,2021/06/09 23:00:00+00,Thu 10 Jun 2021,27559,27396,248,2248470,1044792,71684,2320154,1116476,49.2716037925574,23.7098757737199,175
-856336.314876336,7036491.65084485,2021/01/09 00:00:00+00,Sat 09 Jan 2021,8068,5,0,48048,65,4,48052,69,1.02044911908432,0.00146530819147628,176
-856336.314876336,7036491.65084485,2021/06/10 23:00:00+00,Fri 11 Jun 2021,26314,32813,20,2274784,1077605,71704,2346488,1149309,49.8308418492869,24.407128873006,177
-856336.314876336,7036491.65084485,2021/01/10 00:00:00+00,Sun 10 Jan 2021,4762,3,1,52810,68,5,52815,73,1.12159785699739,0.0015502535938807,178
-856336.314876336,7036491.65084485,2021/06/11 23:00:00+00,Sat 12 Jun 2021,12085,19647,92,2286869,1097252,71796,2358665,1169048,50.0894368905566,24.8263131975212,179
-856336.314876336,7036491.65084485,2021/01/11 00:00:00+00,Mon 11 Jan 2021,8327,6,0,61137,74,5,61142,79,1.29843294845279,0.00167767169748734,180
-856336.314876336,7036491.65084485,2021/06/12 23:00:00+00,Sun 13 Jun 2021,8471,18125,818,2295340,1115377,72614,2367954,1187991,50.2867013512902,25.2285933869579,181
-856336.314876336,7036491.65084485,2021/01/12 00:00:00+00,Tue 12 Jan 2021,8860,7,0,69997,81,5,70002,86,1.48658701477859,0.00182632615169507,182
-856336.314876336,7036491.65084485,2021/06/13 23:00:00+00,Mon 14 Jun 2021,15918,31214,24,2311258,1146591,72638,2383896,1219229,50.625251252573,25.8919745070353,183
-856336.314876336,7036491.65084485,2021/01/13 00:00:00+00,Wed 13 Jan 2021,9864,5,0,79861,86,5,79866,91,1.69606237710789,0.0019325079047006,184
-856336.314876336,7036491.65084485,2021/06/14 23:00:00+00,Tue 15 Jun 2021,14561,41431,194,2325819,1188022,72832,2398651,1260854,50.9385936056924,26.7759376008063,185
-856336.314876336,7036491.65084485,2021/01/14 00:00:00+00,Thu 14 Jan 2021,8053,3,0,87914,89,5,87919,94,1.8670787084986,0.00199621695650392,186
-856336.314876336,7036491.65084485,2021/06/15 23:00:00+00,Wed 16 Jun 2021,13310,48271,201,2339129,1236293,73033,2412162,1309326,51.2255179386639,27.8053059871431,187
-856336.314876336,7036491.65084485,2021/01/15 00:00:00+00,Fri 15 Jan 2021,7668,3,0,95582,92,5,95587,97,2.02991904490787,0.00205992600830724,188
-856336.314876336,7036491.65084485,2021/06/16 23:00:00+00,Thu 17 Jun 2021,21450,42557,515,2360579,1278850,73548,2434127,1352398,51.6919743796172,28.7199980802339,189
-856336.314876336,7036491.65084485,2021/01/16 00:00:00+00,Sat 16 Jan 2021,5211,3,0,100793,95,5,100798,100,2.14058166789023,0.00212363506011055,190
-856336.314876336,7036491.65084485,2021/06/17 23:00:00+00,Fri 18 Jun 2021,11904,49950,538,2372483,1328800,74086,2446569,1402886,51.9561970537961,29.7921789493825,191
-856336.314876336,7036491.65084485,2021/01/17 00:00:00+00,Sun 17 Jan 2021,1104,4,0,101897,99,5,101902,104,2.16402659895386,0.00220858046251497,192
-856336.314876336,7036491.65084485,2021/01/18 00:00:00+00,Mon 18 Jan 2021,8682,5,0,110579,104,5,110584,109,2.34840059487265,0.0023147622155205,193
-856336.314876336,7036491.65084485,2021/01/19 00:00:00+00,Tue 19 Jan 2021,8364,17,0,118943,121,5,118948,126,2.5260214313003,0.0026757801757393,194
-856336.314876336,7036491.65084485,2021/01/20 00:00:00+00,Wed 20 Jan 2021,8430,957,0,127373,1078,5,127378,1083,2.70504386686762,0.0229989677009973,195
-856336.314876336,7036491.65084485,2021/01/21 00:00:00+00,Thu 21 Jan 2021,8964,957,0,136337,2035,5,136342,2040,2.89540651365593,0.0433221552262553,196
-856336.314876336,7036491.65084485,2021/01/22 00:00:00+00,Fri 22 Jan 2021,6745,965,0,143082,3000,5,143087,3005,3.03864569846039,0.0638152335563221,197
-856336.314876336,7036491.65084485,2021/01/23 00:00:00+00,Sat 23 Jan 2021,4165,458,0,147247,3458,5,147252,3463,3.12709509871399,0.0735414821316284,198
-856336.314876336,7036491.65084485,2021/01/24 00:00:00+00,Sun 24 Jan 2021,1174,397,0,148421,3855,5,148426,3860,3.15202657431969,0.0819723133202673,199
-856336.314876336,7036491.65084485,2021/01/25 00:00:00+00,Mon 25 Jan 2021,1340,1283,0,149761,5138,5,149766,5143,3.18048328412517,0.109218551141486,200
-856336.314876336,7036491.65084485,2021/01/26 00:00:00+00,Tue 26 Jan 2021,990,3496,0,150751,8634,5,150756,8639,3.20150727122026,0.183460832842951,201
-856336.314876336,7036491.65084485,2021/01/27 00:00:00+00,Wed 27 Jan 2021,2147,6697,0,152898,15331,5,152903,15336,3.24710171596084,0.325680672818554,202
-856336.314876336,7036491.65084485,2021/01/28 00:00:00+00,Thu 28 Jan 2021,968,11534,0,153866,26865,5,153871,26870,3.26765850334271,0.570620740651705,203
-856336.314876336,7036491.65084485,2021/01/29 00:00:00+00,Fri 29 Jan 2021,1547,11524,0,155413,38389,5,155418,38394,3.30051113772262,0.815348444978845,204
-856336.314876336,7036491.65084485,2021/01/30 00:00:00+00,Sat 30 Jan 2021,609,7794,0,156022,46183,5,156027,46188,3.31344407523869,0.980864561563862,205
-856336.314876336,7036491.65084485,2021/01/31 00:00:00+00,Sun 31 Jan 2021,208,4083,0,156230,50266,5,156235,50271,3.31786123616372,1.06757258106818,206
-856336.314876336,7036491.65084485,2021/02/01 00:00:00+00,Mon 01 Feb 2021,996,8333,0,157226,58599,5,157231,58604,3.33901264136242,1.24453509062719,207
-856336.314876336,7036491.65084485,2021/02/02 00:00:00+00,Tue 02 Feb 2021,812,5101,0,158038,63700,5,158043,63705,3.35625655805052,1.35286171504343,208
-856336.314876336,7036491.65084485,2021/02/03 00:00:00+00,Wed 03 Feb 2021,1378,6861,0,159416,70561,5,159421,70566,3.38552024917884,1.49856431651761,209
-856336.314876336,7036491.65084485,2021/02/04 00:00:00+00,Thu 04 Feb 2021,1406,10532,1,160822,81093,6,160828,81099,3.4153997944746,1.72224679739906,210
-856336.314876336,7036491.65084485,2021/02/05 00:00:00+00,Fri 05 Feb 2021,3363,8604,0,164185,89697,6,164191,89703,3.48681764154612,1.90496435797097,211
-856336.314876336,7036491.65084485,2021/02/06 00:00:00+00,Sat 06 Feb 2021,881,3865,0,165066,93562,6,165072,93568,3.50552686642569,1.98704285304424,212
-856336.314876336,7036491.65084485,2021/02/07 00:00:00+00,Sun 07 Feb 2021,313,1296,1,165379,94858,7,165386,94865,3.51219508051444,2.01458639977388,213
-856336.314876336,7036491.65084485,2021/02/08 00:00:00+00,Mon 08 Feb 2021,1144,871,0,166523,95729,7,166530,95736,3.5364894656021,2.03308326114744,214
-856336.314876336,7036491.65084485,2021/02/09 00:00:00+00,Tue 09 Feb 2021,4215,532,1,170738,96261,8,170746,96269,3.62602191973636,2.04440223601783,215
-856336.314876336,7036491.65084485,2021/02/10 00:00:00+00,Wed 10 Feb 2021,8793,577,0,179531,96838,8,179539,96846,3.81275315057188,2.05665561031467,216
-856336.314876336,7036491.65084485,2021/02/11 00:00:00+00,Thu 11 Feb 2021,6156,436,0,185687,97274,8,185695,97282,3.94348412487229,2.06591465917675,217
-856336.314876336,7036491.65084485,2021/02/12 00:00:00+00,Fri 12 Feb 2021,4366,518,0,190053,97792,8,190061,97800,4.03620203159672,2.07691508878812,218
-856336.314876336,7036491.65084485,2021/02/13 00:00:00+00,Sat 13 Feb 2021,1195,1910,0,191248,99702,8,191256,99710,4.06157947056504,2.11747651843623,219
-856336.314876336,7036491.65084485,2021/02/14 00:00:00+00,Sun 14 Feb 2021,2686,23,0,193934,99725,8,193942,99733,4.11862030827961,2.11796495450006,220
-856336.314876336,7036491.65084485,2021/02/15 00:00:00+00,Mon 15 Feb 2021,1935,7872,0,195869,107597,8,195877,107605,4.15971264669275,2.28513750643196,221
-856336.314876336,7036491.65084485,2021/02/16 00:00:00+00,Tue 16 Feb 2021,5614,8153,0,201483,115750,8,201491,115758,4.27893351896735,2.45827747288277,222
-856336.314876336,7036491.65084485,2021/02/17 00:00:00+00,Wed 17 Feb 2021,9707,8458,0,211190,124208,8,211198,124216,4.48507477425228,2.63789452626692,223
-856336.314876336,7036491.65084485,2021/02/18 00:00:00+00,Thu 18 Feb 2021,8445,8339,0,219635,132547,8,219643,132555,4.66441575507862,2.81498445392954,224
-856336.314876336,7036491.65084485,2021/02/19 00:00:00+00,Fri 19 Feb 2021,9366,6577,0,229001,139124,8,229009,139132,4.86331541480857,2.95465593183301,225
-856336.314876336,7036491.65084485,2021/02/20 00:00:00+00,Sat 20 Feb 2021,5867,3564,1,234868,142688,9,234877,142697,4.98793032013586,3.03036352172595,226
-856336.314876336,7036491.65084485,2021/02/21 00:00:00+00,Sun 21 Feb 2021,1098,1019,4,235966,143707,13,235979,143720,5.01133277849828,3.05208830839089,227
-856336.314876336,7036491.65084485,2021/02/22 00:00:00+00,Mon 22 Feb 2021,3926,1109,1,239892,144816,14,239906,144830,5.09472792730882,3.07566065755811,228
-856336.314876336,7036491.65084485,2021/02/23 00:00:00+00,Tue 23 Feb 2021,13338,1057,0,253230,145873,14,253244,145887,5.37797837162637,3.09810748014348,229
-856336.314876336,7036491.65084485,2021/02/24 00:00:00+00,Wed 24 Feb 2021,16909,2090,2,270139,147963,16,270155,147979,5.73710629664166,3.14253392560099,230
-856336.314876336,7036491.65084485,2021/02/25 00:00:00+00,Thu 25 Feb 2021,18045,1744,2,288184,149707,18,288202,149725,6.12035871593981,3.17961259375052,231
-856336.314876336,7036491.65084485,2021/02/26 00:00:00+00,Fri 26 Feb 2021,16058,2755,0,304242,152462,18,304260,152480,6.46137203389237,3.23811873965657,232
-856336.314876336,7036491.65084485,2021/02/27 00:00:00+00,Sat 27 Feb 2021,8967,700,1,313209,153162,19,313228,153181,6.65181962608308,3.25300542142794,233
-856336.314876336,7036491.65084485,2021/02/28 00:00:00+00,Sun 28 Feb 2021,2426,47,1,315635,153209,20,315655,153229,6.70336024899196,3.2540247662568,234
-856336.314876336,7036491.65084485,2021/03/01 00:00:00+00,Mon 01 Mar 2021,5559,780,0,321194,153989,20,321214,154009,6.82141312198351,3.27058911972566,235
-856336.314876336,7036491.65084485,2021/03/02 00:00:00+00,Tue 02 Mar 2021,12153,1599,0,333347,155588,20,333367,155608,7.07949849083874,3.30454604433683,236
-856336.314876336,7036491.65084485,2021/03/03 00:00:00+00,Wed 03 Mar 2021,12846,1494,1,346193,157082,21,346214,157103,7.35232188701115,3.33629438848548,237
-856336.314876336,7036491.65084485,2021/03/04 00:00:00+00,Thu 04 Mar 2021,18703,1679,3,364896,158761,24,364920,158785,7.74956906135543,3.37201393019654,238
-856336.314876336,7036491.65084485,2021/03/05 00:00:00+00,Fri 05 Mar 2021,18406,2386,5,383302,161147,29,383331,161176,8.14055151227238,3.42279004448378,239
-856336.314876336,7036491.65084485,2021/03/06 00:00:00+00,Sat 06 Mar 2021,10413,130,2,393715,161277,31,393746,161308,8.36172810378289,3.42559324276313,240
-856336.314876336,7036491.65084485,2021/03/07 00:00:00+00,Sun 07 Mar 2021,1501,9,1,395216,161286,32,395248,161318,8.39362510238576,3.42580560626914,241
-856336.314876336,7036491.65084485,2021/03/08 00:00:00+00,Mon 08 Mar 2021,6629,1484,3,401845,162770,35,401880,162805,8.53446457957229,3.45738405961299,242
-856336.314876336,7036491.65084485,2021/03/09 00:00:00+00,Tue 09 Mar 2021,13784,3088,2,415629,165858,37,415666,165895,8.82722890895913,3.5230043829704,243
-856336.314876336,7036491.65084485,2021/03/10 00:00:00+00,Wed 10 Mar 2021,13678,3971,3,429307,169829,40,429347,169869,9.11776342153285,3.60739764025919,244
-856336.314876336,7036491.65084485,2021/03/11 00:00:00+00,Thu 11 Mar 2021,18420,2092,2,447727,171921,42,447769,171963,9.50897947230642,3.65186655841791,245
-856336.314876336,7036491.65084485,2021/03/12 00:00:00+00,Fri 12 Mar 2021,17280,1324,2,465007,173245,44,465051,173289,9.87598608339472,3.68002595931497,246
-856336.314876336,7036491.65084485,2021/03/13 00:00:00+00,Sat 13 Mar 2021,8250,166,0,473257,173411,44,473301,173455,10.0511859758538,3.68355119351476,247
-856336.314876336,7036491.65084485,2021/03/14 00:00:00+00,Sun 14 Mar 2021,361,16,1,473618,173427,45,473663,173472,10.0588735347714,3.68391221147498,248
-856336.314876336,7036491.65084485,2021/03/15 00:00:00+00,Mon 15 Mar 2021,2602,981,0,476220,174408,45,476265,174453,10.1141305190355,3.70474507141466,249
-856336.314876336,7036491.65084485,2021/03/16 00:00:00+00,Tue 16 Mar 2021,8904,3803,2,485124,178211,47,485171,178258,10.303261457489,3.78554938545187,250
-856336.314876336,7036491.65084485,2021/03/17 00:00:00+00,Wed 17 Mar 2021,4852,2401,6,489976,180612,53,490029,180665,10.4064276487091,3.83666528134873,251
-856336.314876336,7036491.65084485,2021/03/18 00:00:00+00,Thu 18 Mar 2021,11675,4673,2,501651,185285,55,501706,185340,10.6544045146782,3.9359452204089,252
-856336.314876336,7036491.65084485,2021/03/19 00:00:00+00,Fri 19 Mar 2021,10305,6104,2,511956,191389,57,512013,191446,10.8732875803238,4.06561437717925,253
-856336.314876336,7036491.65084485,2021/03/20 00:00:00+00,Sat 20 Mar 2021,5194,3108,2,517150,194497,59,517209,194556,10.9836316580472,4.13165942754869,254
-856336.314876336,7036491.65084485,2021/03/21 00:00:00+00,Sun 21 Mar 2021,3603,45,3,520753,194542,62,520815,194604,11.0602099383148,4.13267877237754,255
-856336.314876336,7036491.65084485,2021/03/22 00:00:00+00,Mon 22 Mar 2021,7352,2388,0,528105,196930,62,528167,196992,11.2163395879341,4.18339117761298,256
-856336.314876336,7036491.65084485,2021/03/23 00:00:00+00,Tue 23 Mar 2021,12520,7370,3,540625,204300,65,540690,204365,11.4822824065117,4.33996679059493,257
-856336.314876336,7036491.65084485,2021/03/24 00:00:00+00,Wed 24 Mar 2021,13565,9761,1,554190,214061,66,554256,214127,11.7703747387663,4.54727604516292,258
-856336.314876336,7036491.65084485,2021/03/25 00:00:00+00,Thu 25 Mar 2021,20803,10202,2,574993,224263,68,575061,224331,12.2121970130223,4.7639717666966,259
-856336.314876336,7036491.65084485,2021/03/26 00:00:00+00,Fri 26 Mar 2021,19652,9465,1,594645,233728,69,594714,233797,12.6295550113859,4.96499506148667,260
-856336.314876336,7036491.65084485,2021/03/27 00:00:00+00,Sat 27 Mar 2021,11692,5320,0,606337,239048,69,606406,239117,12.877850422614,5.07797244668455,261
-856336.314876336,7036491.65084485,2021/03/28 00:00:00+00,Sun 28 Mar 2021,2451,476,0,608788,239524,69,608857,239593,12.9299007179373,5.08808094957068,262
-856336.314876336,7036491.65084485,2021/03/28 23:00:00+00,Mon 29 Mar 2021,9208,3093,3,617996,242617,72,618068,242689,13.1255087433241,5.1538286910317,263
-856336.314876336,7036491.65084485,2021/03/29 23:00:00+00,Tue 30 Mar 2021,13274,8649,2,631270,251266,74,631344,251340,13.4074425339044,5.33754436008186,264
-856336.314876336,7036491.65084485,2021/03/30 23:00:00+00,Wed 31 Mar 2021,15751,10471,3,647021,261737,77,647098,261814,13.7420000012742,5.55997389627784,265
-856336.314876336,7036491.65084485,2021/03/31 23:00:00+00,Thu 01 Apr 2021,19622,11598,6,666643,273335,83,666726,273418,14.1588270908727,5.80640050865307,266
-856336.314876336,7036491.65084485,2021/04/01 23:00:00+00,Fri 02 Apr 2021,20075,13707,4,686718,287042,87,686805,287129,14.5852317745923,6.09757211174483,267
-856336.314876336,7036491.65084485,2021/04/02 23:00:00+00,Sat 03 Apr 2021,7500,4619,5,694218,291661,92,694310,291753,14.7446105858536,6.19576899692434,268
-856336.314876336,7036491.65084485,2021/04/03 23:00:00+00,Sun 04 Apr 2021,2991,163,0,697209,291824,92,697301,291916,14.8081285105015,6.19923052207232,269
-856336.314876336,7036491.65084485,2021/04/04 23:00:00+00,Mon 05 Apr 2021,3382,588,3,700591,292412,95,700686,292507,14.8800135572862,6.21178120527757,270
-856336.314876336,7036491.65084485,2021/04/05 23:00:00+00,Tue 06 Apr 2021,11916,8136,6,712507,300548,101,712608,300649,15.1331933291526,6.38468757187177,271
-856336.314876336,7036491.65084485,2021/04/06 23:00:00+00,Wed 07 Apr 2021,18290,10438,3,730797,310986,104,730901,311090,15.5216698906986,6.60641630849792,272
-856336.314876336,7036491.65084485,2021/04/07 23:00:00+00,Thu 08 Apr 2021,20111,10535,13,750908,321521,117,751025,321638,15.9490302101953,6.83041733463838,273
-856336.314876336,7036491.65084485,2021/04/08 23:00:00+00,Fri 09 Apr 2021,20643,9130,11,771551,330651,128,771679,330779,16.3876457955105,7.02453881548308,274
-856336.314876336,7036491.65084485,2021/04/09 23:00:00+00,Sat 10 Apr 2021,11111,4144,11,782662,334795,139,782801,334934,16.623836486896,7.11277585223068,275
-856336.314876336,7036491.65084485,2021/06/18 23:00:00+00,Sat 19 Jun 2021,6205,32709,414,2378688,1361509,74500,2453188,1436009,52.0967604584249,30.4955905903429,276
-856336.314876336,7036491.65084485,2021/06/19 23:00:00+00,Sun 20 Jun 2021,8436,26087,169,2387124,1387596,74669,2461793,1462265,52.2794992553474,31.0531722117256,277
-856336.314876336,7036491.65084485,2021/06/20 23:00:00+00,Mon 21 Jun 2021,15362,32225,551,2402486,1419821,75220,2477706,1495041,52.6174333024628,31.7492148390274,278
-856336.314876336,7036491.65084485,2021/06/21 23:00:00+00,Tue 22 Jun 2021,15022,43436,700,2417508,1463257,75920,2493428,1539177,52.9513112066133,32.6865024091578,279
-856336.314876336,7036491.65084485,2021/06/22 23:00:00+00,Wed 23 Jun 2021,19957,39265,867,2437465,1502522,76787,2514252,1579309,53.3935369715308,33.5387596314814,280
-856336.314876336,7036491.65084485,2021/06/23 23:00:00+00,Thu 24 Jun 2021,18894,44143,1017,2456359,1546665,77804,2534163,1624469,53.8163739483494,34.4977932246273,281
-856336.314876336,7036491.65084485,2021/06/24 23:00:00+00,Fri 25 Jun 2021,15074,50046,808,2471433,1596711,78612,2550045,1675323,54.1536496685961,35.5777465980959,282
-856336.314876336,7036491.65084485,2021/06/25 23:00:00+00,Sat 26 Jun 2021,8945,30444,474,2480378,1627155,79086,2559464,1706241,54.3536748549079,36.2343320859809,283
-856336.314876336,7036491.65084485,2021/06/26 23:00:00+00,Sun 27 Jun 2021,8652,30385,46,2489030,1657540,79132,2568162,1736672,54.5383886324364,36.8805754711231,284
-856336.314876336,7036491.65084485,2021/06/27 23:00:00+00,Mon 28 Jun 2021,24106,24527,495,2513136,1682067,79627,2592763,1761694,55.0608240935742,37.411951435864,285
-856336.314876336,7036491.65084485,2021/06/28 23:00:00+00,Tue 29 Jun 2021,28026,30864,781,2541162,1712931,80408,2621570,1793339,55.6725796453402,38.083975750636,286
-856336.314876336,7036491.65084485,2021/06/29 23:00:00+00,Wed 30 Jun 2021,22420,36717,557,2563582,1749648,80965,2644547,1830613,56.1605272731018,38.8755394829416,287
-856336.314876336,7036491.65084485,2021/06/30 23:00:00+00,Thu 01 Jul 2021,14795,48190,612,2578377,1797838,81577,2659954,1879415,56.487715726813,39.9119158649767,288
-856336.314876336,7036491.65084485,2021/07/01 23:00:00+00,Fri 02 Jul 2021,13517,47125,797,2591894,1844963,82374,2674268,1927337,56.7916928493173,40.9296042584829,289
-856336.314876336,7036491.65084485,2021/07/02 23:00:00+00,Sat 03 Jul 2021,9207,30349,485,2601101,1875312,82859,2683960,1958171,56.9975155593432,41.5844058929174,290
-856336.314876336,7036491.65084485,2021/07/03 23:00:00+00,Sun 04 Jul 2021,6363,27710,215,2607464,1903022,83074,2690538,1986096,57.1372082735973,42.1774309834533,291
-856336.314876336,7036491.65084485,2021/07/04 23:00:00+00,Mon 05 Jul 2021,15429,33285,5317,2622893,1936307,88391,2711284,2024698,57.5777776031678,42.9971965893572,292
-856336.314876336,7036491.65084485,2021/07/05 23:00:00+00,Tue 06 Jul 2021,12252,48207,5462,2635145,1984514,93853,2728998,2078367,57.9539583177158,44.1369302897679,293
-856336.314876336,7036491.65084485,2021/07/06 23:00:00+00,Wed 07 Jul 2021,19550,43599,5031,2654695,2028113,98884,2753579,2126997,58.4759690518415,45.1696540194996,294
-856336.314876336,7036491.65084485,2021/07/07 23:00:00+00,Thu 08 Jul 2021,17640,45465,5970,2672335,2073578,104854,2777189,2178432,58.9773592895337,46.2619457126675,295
-856336.314876336,7036491.65084485,2021/07/08 23:00:00+00,Fri 09 Jul 2021,13405,44956,6513,2685740,2118534,111367,2797107,2229901,59.4003449208065,47.3549594417558,296
-856336.314876336,7036491.65084485,2021/07/09 23:00:00+00,Sat 10 Jul 2021,8525,23723,4338,2694265,2142257,115705,2809970,2257962,59.6735080985885,47.9508726759734,297
-856336.314876336,7036491.65084485,2021/07/10 23:00:00+00,Sun 11 Jul 2021,15158,16018,2140,2709423,2158275,117845,2827268,2276120,60.0408544912864,48.3364823301883,298
-856336.314876336,7036491.65084485,2021/07/11 23:00:00+00,Mon 12 Jul 2021,17004,31603,6061,2726427,2189878,123906,2850333,2313784,60.5306709179009,49.1363282392283,299
-856336.314876336,7036491.65084485,2021/07/12 23:00:00+00,Tue 13 Jul 2021,19983,36397,8466,2746410,2226275,132372,2878782,2358647,61.1348238561518,50.0890546362457,300
-856336.314876336,7036491.65084485,2021/07/13 23:00:00+00,Wed 14 Jul 2021,20689,35533,9309,2767099,2261808,141681,2908780,2403489,61.7718719014837,51.0413350699005,301
-856336.314876336,7036491.65084485,2021/07/14 23:00:00+00,Thu 15 Jul 2021,23503,28688,9544,2790602,2290496,151225,2941827,2441721,62.4736695797985,51.853243226082,302
-856336.314876336,7036491.65084485,2021/07/15 23:00:00+00,Fri 16 Jul 2021,23445,27238,9138,2814047,2317734,160363,2974410,2478097,63.1656135914343,52.6257367155478,303
-856336.314876336,7036491.65084485,2021/07/16 23:00:00+00,Sat 17 Jul 2021,11415,19289,4657,2825462,2337023,165020,2990482,2502043,63.5069242182952,53.1342623670419,304
-856336.314876336,7036491.65084485,2021/07/17 23:00:00+00,Sun 18 Jul 2021,16792,15710,1918,2842254,2352733,166938,3009192,2519671,63.9042563380419,53.5086167554382,305
-856336.314876336,7036491.65084485,2021/07/18 23:00:00+00,Mon 19 Jul 2021,24765,18252,6214,2867019,2370985,173152,3040171,2544137,64.5621372433136,54.0281853092448,306
-856336.314876336,7036491.65084485,2021/07/19 23:00:00+00,Tue 20 Jul 2021,30462,17999,7673,2897481,2388984,180825,3078306,2569809,65.3719854734867,54.5733649018764,307
-856336.314876336,7036491.65084485,2021/07/20 23:00:00+00,Wed 21 Jul 2021,30214,19664,6858,2927695,2408648,187683,3115378,2596331,66.1592594629709,55.1365953925189,308
-856336.314876336,7036491.65084485,2021/07/21 23:00:00+00,Thu 22 Jul 2021,33420,15750,6904,2961115,2424398,194587,3155702,2618985,67.0155940646099,55.6176836790363,309
-856336.314876336,7036491.65084485,2021/07/22 23:00:00+00,Fri 23 Jul 2021,26990,20668,5578,2988105,2445066,200165,3188270,2645231,67.7072195309867,56.175052936913,310
-856336.314876336,7036491.65084485,2021/07/23 23:00:00+00,Sat 24 Jul 2021,15357,14664,2247,3003462,2459730,202412,3205874,2662142,68.0810642469686,56.5341808619282,311
-856336.314876336,7036491.65084485,2021/07/24 23:00:00+00,Sun 25 Jul 2021,14658,13552,1028,3018120,2473282,203440,3221560,2676722,68.4141776424975,56.8438068536924,312
-856336.314876336,7036491.65084485,2021/07/25 23:00:00+00,Mon 26 Jul 2021,23741,18074,3392,3041861,2491356,206832,3248693,2698188,68.9903835433573,57.2996663556957,313
-856336.314876336,7036491.65084485,2021/07/26 23:00:00+00,Tue 27 Jul 2021,25377,23677,3641,3067238,2515033,210473,3277711,2725506,69.6066199651002,57.8798009814167,314
-856336.314876336,7036491.65084485,2021/07/27 23:00:00+00,Wed 28 Jul 2021,23347,25093,3240,3090585,2540126,213713,3304298,2753839,70.1712308185318,58.4814905029978,315
-856336.314876336,7036491.65084485,2021/07/28 23:00:00+00,Thu 29 Jul 2021,19169,27695,2937,3109754,2567821,216650,3326404,2784471,70.6406815849198,59.1320023946109,316
-856336.314876336,7036491.65084485,2021/07/29 23:00:00+00,Fri 30 Jul 2021,21848,22745,2089,3131602,2590566,218739,3350341,2809305,71.1490161092585,59.6593859254387,317
-856336.314876336,7036491.65084485,2021/07/30 23:00:00+00,Sat 31 Jul 2021,13666,12336,894,3145268,2602902,219633,3364901,2822535,71.4582173740106,59.9403428438914,318
-856336.314876336,7036491.65084485,2021/07/31 23:00:00+00,Sun 01 Aug 2021,11022,9221,359,3156290,2612123,219992,3376282,2832115,71.6999082802018,60.14378708265,319
-856336.314876336,7036491.65084485,2021/08/01 23:00:00+00,Mon 02 Aug 2021,14942,15832,411,3171232,2627955,220403,3391635,2848358,72.0259499709805,60.4887291254637,320
-856336.314876336,7036491.65084485,2021/08/02 23:00:00+00,Tue 03 Aug 2021,17256,25265,1094,3188488,2653220,221497,3409985,2874717,72.4156370045108,61.0484980909583,321
-856336.314876336,7036491.65084485,2021/08/03 23:00:00+00,Wed 04 Aug 2021,22017,17107,1562,3210505,2670327,223059,3433564,2893386,72.9163689153343,61.4449595203303,322
-856336.314876336,7036491.65084485,2021/08/04 23:00:00+00,Thu 05 Aug 2021,13440,29884,1414,3223945,2700211,224473,3448418,2924684,73.2318136671631,62.1096148214437,323
-856336.314876336,7036491.65084485,2021/08/05 23:00:00+00,Fri 06 Aug 2021,12102,24594,935,3236047,2724805,225408,3461455,2950213,73.5086719699497,62.6517576159393,324
-856336.314876336,7036491.65084485,2021/08/06 23:00:00+00,Sat 07 Aug 2021,6296,8328,569,3242343,2733133,225977,3468320,2959110,73.6544595168263,62.8406974272374,325
-856336.314876336,7036491.65084485,2021/08/07 23:00:00+00,Sun 08 Aug 2021,8575,11872,149,3250918,2745005,226126,3477044,2971131,73.8397254394704,63.0959795978132,326
-856336.314876336,7036491.65084485,2021/08/08 23:00:00+00,Mon 09 Aug 2021,5483,22860,592,3256401,2767865,226718,3483119,2994583,73.9687362693721,63.5940144921104,327
-856336.314876336,7036491.65084485,2021/08/09 23:00:00+00,Tue 10 Aug 2021,9262,25831,696,3265663,2793696,227414,3493077,3021110,74.1802078486579,64.1573511645059,328
-856336.314876336,7036491.65084485,2021/08/10 23:00:00+00,Wed 11 Aug 2021,6943,31043,643,3272606,2824739,228057,3500663,3052796,74.3413068043179,64.8302461696525,329
-856336.314876336,7036491.65084485,2021/08/11 23:00:00+00,Thu 12 Aug 2021,6689,38141,854,3279295,2862880,228911,3508206,3091791,74.501492596902,65.6583576613426,330
-856336.314876336,7036491.65084485,2021/08/12 23:00:00+00,Fri 13 Aug 2021,10848,28099,851,3290143,2890979,229762,3519905,3120741,74.7499366625843,66.2731500112447,331
-856336.314876336,7036491.65084485,2021/08/13 23:00:00+00,Sat 14 Aug 2021,18073,5742,271,3308216,2896721,230033,3538249,3126754,75.139496278011,66.4008441874091,332
-856336.314876336,7036491.65084485,2021/08/14 23:00:00+00,Sun 15 Aug 2021,16965,3660,42,3325181,2900381,230075,3555256,3130456,75.500662892684,66.4794611573344,333
-856336.314876336,7036491.65084485,2021/08/15 23:00:00+00,Mon 16 Aug 2021,10135,23006,371,3335316,2923387,230446,3565762,3153833,75.7237719920992,66.9759033253364,334
-856336.314876336,7036491.65084485,2021/08/16 23:00:00+00,Tue 17 Aug 2021,12829,26734,521,3348145,2950121,230967,3579112,3181088,76.007277272624,67.5547000609696,335
-856336.314876336,7036491.65084485,2021/08/17 23:00:00+00,Wed 18 Aug 2021,15175,25644,650,3363320,2975765,231617,3594937,3207382,76.3433425208865,68.113088663675,336
-856336.314876336,7036491.65084485,2021/08/18 23:00:00+00,Thu 19 Aug 2021,11322,25573,536,3374642,3001338,232153,3606795,3233491,76.5951631663144,68.6675485415193,337
-856336.314876336,7036491.65084485,2021/08/19 23:00:00+00,Fri 20 Aug 2021,14789,22124,676,3389431,3023462,232829,3622260,3256291,76.9235833283605,69.1517373352245,338
-856336.314876336,7036491.65084485,2021/08/20 23:00:00+00,Sat 21 Aug 2021,11825,7887,236,3401256,3031349,233065,3634321,3264414,77.1797149529604,69.3242402111573,339
-856336.314876336,7036491.65084485,2021/08/21 23:00:00+00,Sun 22 Aug 2021,7991,12202,157,3409247,3043551,233222,3642469,3276773,77.3527487376582,69.5867002682363,340
-856336.314876336,7036491.65084485,2021/08/22 23:00:00+00,Mon 23 Aug 2021,10829,15247,280,3420076,3058798,233502,3653578,3292300,77.5886633564859,69.9164370840197,341
-856336.314876336,7036491.65084485,2021/08/23 23:00:00+00,Tue 24 Aug 2021,9708,22805,382,3429784,3081603,233884,3663668,3315487,77.8029381340511,70.4088443454075,342
-856336.314876336,7036491.65084485,2021/08/24 23:00:00+00,Wed 25 Aug 2021,9376,19395,308,3439160,3100998,234192,3673352,3335190,78.0085909532722,70.8272641613011,343
-856336.314876336,7036491.65084485,2021/08/25 23:00:00+00,Thu 26 Aug 2021,8535,19327,364,3447695,3120325,234556,3682251,3354881,78.1975732372714,71.2454291409875,344
-856336.314876336,7036491.65084485,2021/08/26 23:00:00+00,Fri 27 Aug 2021,9673,19106,429,3457368,3139431,234985,3692353,3374416,78.4121028510438,71.6602812499801,345
-856336.314876336,7036491.65084485,2021/08/27 23:00:00+00,Sat 28 Aug 2021,9896,7843,151,3467264,3147274,235136,3702400,3382410,78.6254644655331,71.8300446366853,346
-856336.314876336,7036491.65084485,2021/08/28 23:00:00+00,Sun 29 Aug 2021,8786,9152,26,3476050,3156426,235162,3711212,3391588,78.81259918703,72.0249518625023,347
-856336.314876336,7036491.65084485,2021/08/29 23:00:00+00,Mon 30 Aug 2021,5036,11029,80,3481086,3167455,235242,3716328,3402697,78.9212443567053,72.26086648133,348
-856336.314876336,7036491.65084485,2021/08/30 23:00:00+00,Tue 31 Aug 2021,4032,12774,140,3485118,3180229,235382,3720500,3415611,79.0098424114131,72.5351127129926,349
-856336.314876336,7036491.65084485,2021/08/31 23:00:00+00,Wed 01 Sep 2021,4911,12445,178,3490029,3192674,235560,3725589,3428234,79.1179141996221,72.8031791666304,350
-856336.314876336,7036491.65084485,2021/09/01 23:00:00+00,Thu 02 Sep 2021,4982,12286,243,3495011,3204960,235803,3730814,3440763,79.2288741315129,73.0692494033116,351
-856336.314876336,7036491.65084485,2021/09/02 23:00:00+00,Fri 03 Sep 2021,4740,15975,161,3499751,3220935,235964,3735715,3456899,79.3329534858089,73.4119191566111,352
-856336.314876336,7036491.65084485,2021/09/03 23:00:00+00,Sat 04 Sep 2021,4608,10532,131,3504359,3231467,236095,3740454,3467562,79.4335925513076,73.6383623630707,353
-856336.314876336,7036491.65084485,2021/09/04 23:00:00+00,Sun 05 Sep 2021,5299,11862,1,3509658,3243329,236096,3745754,3479425,79.5461452094934,73.8902891902516,354
-856336.314876336,7036491.65084485,2021/09/05 23:00:00+00,Mon 06 Sep 2021,2129,9621,73,3511787,3252950,236169,3747956,3489119,79.592907653517,74.0961543729787,355
-856336.314876336,7036491.65084485,2021/09/06 23:00:00+00,Tue 07 Sep 2021,3017,9931,151,3514804,3262881,236320,3751124,3499201,79.6601844122213,74.310259259739,356
-856336.314876336,7036491.65084485,2021/09/07 23:00:00+00,Wed 08 Sep 2021,2583,14737,184,3517387,3277618,236504,3753891,3514122,79.7189453943346,74.6271268470581,357
-856336.314876336,7036491.65084485,2021/09/08 23:00:00+00,Thu 09 Sep 2021,3093,14740,136,3520480,3292358,236640,3757120,3528998,79.7875175704256,74.9430387986002,358
-856336.314876336,7036491.65084485,2021/09/09 23:00:00+00,Fri 10 Sep 2021,3358,13892,112,3523838,3306250,236752,3760590,3543002,79.8612077070114,75.2404326524181,359
-856336.314876336,7036491.65084485,2021/09/10 23:00:00+00,Sat 11 Sep 2021,2543,11272,58,3526381,3317522,236810,3763191,3554332,79.9164434549249,75.4810405047286,360
-856336.314876336,7036491.65084485,2021/09/11 23:00:00+00,Sun 12 Sep 2021,2026,12854,1,3528407,3330376,236811,3765218,3567187,79.9594895375933,75.7540337917058,361
-856336.314876336,7036491.65084485,2021/09/12 23:00:00+00,Mon 13 Sep 2021,1587,7684,49,3529994,3338060,236860,3766854,3574920,79.9942322071767,75.9182544909042,362
-856336.314876336,7036491.65084485,2021/09/13 23:00:00+00,Tue 14 Sep 2021,1527,10726,80,3531521,3348786,236940,3768461,3585726,80.0283590225927,76.1477344954997,363
-856336.314876336,7036491.65084485,2021/09/14 23:00:00+00,Wed 15 Sep 2021,3258,12361,133,3534779,3361147,237073,3771852,3598220,80.1003714874811,76.4130614599099,364
-856336.314876336,7036491.65084485,2021/09/15 23:00:00+00,Thu 16 Sep 2021,1891,10551,111,3536670,3371698,237184,3773854,3608882,80.1428866613845,76.6394834300189,365
-856336.314876336,7036491.65084485,2021/09/16 23:00:00+00,Fri 17 Sep 2021,2547,14563,89,3539217,3386261,237273,3776490,3623534,80.198865681569,76.9506384390263,366
-856336.314876336,7036491.65084485,2021/09/17 23:00:00+00,Sat 18 Sep 2021,2273,11199,42,3541490,3397460,237315,3778805,3634775,80.2480278332106,77.1893562561333,367
-856336.314876336,7036491.65084485,2021/09/18 23:00:00+00,Sun 19 Sep 2021,1856,8473,11,3543346,3405933,237326,3780672,3643259,80.2876760997828,77.3695254546331,368
-856336.314876336,7036491.65084485,2021/09/19 23:00:00+00,Mon 20 Sep 2021,941,5577,33,3544287,3411510,237359,3781646,3648869,80.3083603052683,77.4886613815053,369
-856336.314876336,7036491.65084485,2021/09/20 23:00:00+00,Tue 21 Sep 2021,1449,6624,90,3545736,3418134,237449,3783185,3655583,80.3410430488434,77.6312422394411,370
-856336.314876336,7036491.65084485,2021/09/21 23:00:00+00,Wed 22 Sep 2021,1888,8094,96,3547624,3426228,237545,3785169,3663773,80.383175968436,77.8051679508642,371
-856336.314876336,7036491.65084485,2021/09/22 23:00:00+00,Thu 23 Sep 2021,1686,8722,87,3549310,3434950,237632,3786942,3672582,80.4208280180518,77.9922389633093,372
-856336.314876336,7036491.65084485,2021/09/23 23:00:00+00,Fri 24 Sep 2021,1904,7349,79,3551214,3442299,237711,3788925,3680010,80.4629397012937,78.1499825755743,373
-856336.314876336,7036491.65084485,2021/09/24 23:00:00+00,Sat 25 Sep 2021,2403,6564,51,3553617,3448863,237762,3791379,3686625,80.5150537056688,78.2904610348006,374
-856336.314876336,7036491.65084485,2021/09/25 23:00:00+00,Sun 26 Sep 2021,1538,7085,0,3555155,3455948,237762,3792917,3693710,80.5477152128934,78.4409205788095,375
-856336.314876336,7036491.65084485,2021/09/26 23:00:00+00,Mon 27 Sep 2021,1167,3758,45,3556322,3459706,237807,3794129,3697513,80.5734536698219,78.5216824201455,376
-856336.314876336,7036491.65084485,2021/09/27 23:00:00+00,Tue 28 Sep 2021,1436,5084,91,3557758,3464790,237898,3795656,3702688,80.6058815771898,78.6315805345062,377
-856336.314876336,7036491.65084485,2021/09/28 23:00:00+00,Wed 29 Sep 2021,1641,3568,76,3559399,3468358,237974,3797373,3706332,80.6423443911719,78.7089657960966,378
-856336.314876336,7036491.65084485,2021/09/29 23:00:00+00,Thu 30 Sep 2021,1275,3923,77,3560674,3472281,238051,3798725,3710332,80.6710559371846,78.793911198501,379
-856336.314876336,7036491.65084485,2021/09/30 23:00:00+00,Fri 01 Oct 2021,1833,5126,41,3562507,3477407,238092,3800599,3715499,80.710852858211,78.903639422057,380
-856336.314876336,7036491.65084485,2021/10/01 23:00:00+00,Sat 02 Oct 2021,1706,4050,39,3564213,3481457,238131,3802344,3719588,80.74791029001,78.9904748596649,381
-856336.314876336,7036491.65084485,2021/10/02 23:00:00+00,Sun 03 Oct 2021,1202,2996,9,3565415,3484453,238140,3803555,3722593,80.7736275105879,79.0542900932212,382
-856336.314876336,7036491.65084485,2021/10/03 23:00:00+00,Mon 04 Oct 2021,332,1198,17,3565747,3485651,238157,3803904,3723808,80.7810389969477,79.0800922592015,383
-856336.314876336,7036491.65084485,2021/10/04 23:00:00+00,Tue 05 Oct 2021,959,2780,69,3566706,3488431,238226,3804932,3726657,80.8028699653656,79.1405946220641,384
-856336.314876336,7036491.65084485,2021/10/05 23:00:00+00,Wed 06 Oct 2021,973,2521,35,3567679,3490952,238261,3805940,3729213,80.8242762067715,79.1948747342005,385
-856336.314876336,7036491.65084485,2021/10/06 23:00:00+00,Thu 07 Oct 2021,1207,2657,43,3568886,3493609,238304,3807190,3731913,80.8508216450229,79.2522128808235,386
-856336.314876336,7036491.65084485,2021/10/07 23:00:00+00,Fri 08 Oct 2021,979,2734,45,3569865,3496343,238349,3808214,3734692,80.8725676680385,79.311228699144,387
-856336.314876336,7036491.65084485,2021/10/08 23:00:00+00,Sat 09 Oct 2021,727,2340,20,3570592,3498683,238369,3808961,3737052,80.8884312219375,79.3613464865626,388
-856336.314876336,7036491.65084485,2021/10/09 23:00:00+00,Sun 10 Oct 2021,1524,3902,0,3572116,3502585,238369,3810485,3740954,80.9207954202536,79.4442107266081,389
-856336.314876336,7036491.65084485,2021/10/10 23:00:00+00,Mon 11 Oct 2021,330,1088,14,3572446,3503673,238383,3810829,3742056,80.9281007248604,79.4676131849705,390
-856336.314876336,7036491.65084485,2021/10/11 23:00:00+00,Tue 12 Oct 2021,560,1577,20,3573006,3505250,238403,3811409,3743653,80.940417808209,79.5015276368805,391
-856336.314876336,7036491.65084485,2021/10/12 23:00:00+00,Wed 13 Oct 2021,1033,2006,9,3574039,3507256,238412,3812451,3745668,80.9625460855354,79.5443188833417,392
-856336.314876336,7036491.65084485,2021/10/13 23:00:00+00,Thu 14 Oct 2021,699,1544,7,3574738,3508800,238419,3813157,3747219,80.9775389490597,79.577256463124,393
-856336.314876336,7036491.65084485,2021/10/14 23:00:00+00,Fri 15 Oct 2021,954,2023,7,3575692,3510823,238426,3814118,3749249,80.9979470819874,79.6203662548443,394
-856336.314876336,7036491.65084485,2021/10/15 23:00:00+00,Sat 16 Oct 2021,1371,2608,12,3577063,3513431,238438,3815501,3751869,81.0273169548687,79.6760054934192,395
-856336.314876336,7036491.65084485,2021/10/16 23:00:00+00,Sun 17 Oct 2021,1708,2881,2,3578771,3516312,238440,3817211,3754752,81.0636311143966,79.7372298922022,396
-856336.314876336,7036491.65084485,2021/10/17 23:00:00+00,Mon 18 Oct 2021,668,1191,4,3579439,3517503,238444,3817883,3755947,81.0779019420006,79.7626073311705,397
-856336.314876336,7036491.65084485,2021/10/18 23:00:00+00,Tue 19 Oct 2021,1329,1745,10,3580768,3519248,238454,3819222,3757702,81.1063374154554,79.7998771264754,398
-856336.314876336,7036491.65084485,2021/10/19 23:00:00+00,Wed 20 Oct 2021,2244,2275,0,3583012,3521523,238454,3821466,3759977,81.1539917862043,79.8481898240929,399
-856336.314876336,7036491.65084485,2021/10/20 23:00:00+00,Thu 21 Oct 2021,1751,1783,10,3584763,3523306,238464,3823227,3761770,81.1913889996129,79.8862666007207,400
-856336.314876336,7036491.65084485,2021/10/21 23:00:00+00,Fri 22 Oct 2021,1493,1888,1,3586256,3525194,238465,3824721,3763659,81.2231161074109,79.9263820670062,401
-856336.314876336,7036491.65084485,2021/10/22 23:00:00+00,Sat 23 Oct 2021,2008,1667,0,3588264,3526861,238465,3826729,3765326,81.2657586994179,79.9617830634582,402
-856336.314876336,7036491.65084485,2021/10/23 23:00:00+00,Sun 24 Oct 2021,1943,2174,2,3590207,3529035,238467,3828674,3767502,81.3070634013371,80.0079933623663,403
-856336.314876336,7036491.65084485,2021/10/24 23:00:00+00,Mon 25 Oct 2021,1215,816,1,3591422,3529851,238468,3829890,3768319,81.332886803668,80.0253434608074,404
-856336.314876336,7036491.65084485,2021/10/25 23:00:00+00,Tue 26 Oct 2021,1237,1181,6,3592659,3531032,238474,3831133,3769506,81.3592835874652,80.0505510089709,405
-856336.314876336,7036491.65084485,2021/10/26 23:00:00+00,Wed 27 Oct 2021,1551,1387,4,3594210,3532419,238478,3832688,3770897,81.3923061126499,80.080090772657,406
-856336.314876336,7036491.65084485,2021/10/27 23:00:00+00,Thu 28 Oct 2021,2143,1654,2,3596353,3534073,238480,3834833,3772553,81.4378580846893,80.1152581692524,407
-856336.314876336,7036491.65084485,2021/10/28 23:00:00+00,Fri 29 Oct 2021,2131,1325,0,3598484,3535398,238480,3836964,3773878,81.4831127478203,80.1433963337989,408
-856336.314876336,7036491.65084485,2021/10/29 23:00:00+00,Sat 30 Oct 2021,2003,1429,0,3600487,3536827,238480,3838967,3775307,81.5256491580743,80.1737430788079,409
-856336.314876336,7036491.65084485,2021/10/30 23:00:00+00,Sun 31 Oct 2021,1624,1312,0,3602111,3538139,238480,3840591,3776619,81.5601369914505,80.2016051707965,410
-856336.314876336,7036491.65084485,2021/11/01 00:00:00+00,Mon 01 Nov 2021,258,249,1,3602369,3538388,238481,3840850,3776869,81.5656372062561,80.2069142584468,411
-856336.314876336,7036491.65084485,2021/11/02 00:00:00+00,Tue 02 Nov 2021,1087,1063,9,3603456,3539451,238490,3841946,3777941,81.588912246515,80.2296796262912,412
-856336.314876336,7036491.65084485,2021/11/03 00:00:00+00,Wed 03 Nov 2021,2536,1801,5,3605992,3541252,238495,3844487,3779747,81.6428738133924,80.2680324754768,413
-856336.314876336,7036491.65084485,2021/11/04 00:00:00+00,Thu 04 Nov 2021,1546,1225,0,3607538,3542477,238495,3846033,3780972,81.6757052114217,80.2940470049631,414
